[2026-07-05 05:30:04 UTC] ============================================================
[2026-07-05 05:30:04 UTC] Hotel Santosh — Database Backup Starting (host: vmi3271961)
[2026-07-05 05:30:04 UTC] ============================================================
[2026-07-05 05:30:04 UTC] Connecting to Supabase...
[2026-07-05 05:30:04 UTC] Connecting to Cloudflare R2...
[2026-07-05 05:30:04 UTC] Phase 1: Fetching all tables from Supabase...
[2026-07-05 05:30:04 UTC]   Fetching rooms...
[2026-07-05 05:30:05 UTC]   ✓ rooms: 16 rows fetched
[2026-07-05 05:30:05 UTC]   Fetching customers...
[2026-07-05 05:30:05 UTC]   ✓ customers: 18 rows fetched
[2026-07-05 05:30:05 UTC]   Fetching bookings...
[2026-07-05 05:30:05 UTC]   ✓ bookings: 46 rows fetched
[2026-07-05 05:30:05 UTC]   Fetching documents...
[2026-07-05 05:30:05 UTC]   ✓ documents: 27 rows fetched
[2026-07-05 05:30:05 UTC] Verifying row counts against live Supabase...
[2026-07-05 05:30:05 UTC]   ✓ rooms: 16 rows — matches Supabase
[2026-07-05 05:30:05 UTC]   ✓ customers: 18 rows — matches Supabase
[2026-07-05 05:30:05 UTC]   ✓ bookings: 46 rows — matches Supabase
[2026-07-05 05:30:05 UTC]   ✓ documents: 27 rows — matches Supabase
[2026-07-05 05:30:05 UTC] Phase 3: Uploading to Cloudflare R2...
[2026-07-05 05:30:06 UTC]   Uploaded backups/db/2026-07-05/rooms_2026-07-05_053004.json (5171 bytes)
[2026-07-05 05:30:06 UTC]   Uploaded backups/db/2026-07-05/customers_2026-07-05_053004.json (7889 bytes)
[2026-07-05 05:30:07 UTC]   Uploaded backups/db/2026-07-05/bookings_2026-07-05_053004.json (48233 bytes)
[2026-07-05 05:30:07 UTC]   Uploaded backups/db/2026-07-05/documents_2026-07-05_053004.json (12224 bytes)
[2026-07-05 05:30:07 UTC]   Uploaded schema → backups/db/2026-07-05/schema_2026-07-05_053004.sql
[2026-07-05 05:30:08 UTC]   Uploaded manifest → backups/db/2026-07-05/manifest_2026-07-05_053004.json
[2026-07-05 05:30:08 UTC]   Updated backups/db/latest.json pointer
[2026-07-05 05:30:08 UTC] Checking for old backups to clean up...
[2026-07-05 05:30:08 UTC] No old backups to clean up.
[2026-07-05 05:30:08 UTC] ============================================================
[2026-07-05 05:30:08 UTC] ✅ BACKUP SUCCESSFUL
[2026-07-05 05:30:08 UTC]    Timestamp : 2026-07-05_053004
[2026-07-05 05:30:08 UTC]    Tables    : rooms(16), customers(18), bookings(46), documents(27)
[2026-07-05 05:30:08 UTC]    Total rows: 107
[2026-07-05 05:30:08 UTC]    R2 prefix : backups/db/2026-07-05/
[2026-07-05 05:30:08 UTC] ============================================================
=== Backup started at Mon Jul  6 02:00:01 CEST 2026 ===
[2026-07-06 00:00:04 UTC] ============================================================
[2026-07-06 00:00:04 UTC] Hotel Santosh — Database Backup Starting (host: vmi3271961)
[2026-07-06 00:00:04 UTC] ============================================================
[2026-07-06 00:00:04 UTC] Connecting to Supabase...
[2026-07-06 00:00:04 UTC] Connecting to Cloudflare R2...
[2026-07-06 00:00:05 UTC] Phase 1: Fetching all tables from Supabase...
[2026-07-06 00:00:05 UTC]   Fetching rooms...
[2026-07-06 00:00:06 UTC]   ✓ rooms: 16 rows fetched
[2026-07-06 00:00:06 UTC]   Fetching customers...
[2026-07-06 00:00:06 UTC]   ✓ customers: 21 rows fetched
[2026-07-06 00:00:06 UTC]   Fetching bookings...
[2026-07-06 00:00:07 UTC]   ✓ bookings: 58 rows fetched
[2026-07-06 00:00:07 UTC]   Fetching documents...
[2026-07-06 00:00:07 UTC]   ✓ documents: 29 rows fetched
[2026-07-06 00:00:07 UTC] Verifying row counts against live Supabase...
[2026-07-06 00:00:07 UTC]   ✓ rooms: 16 rows — matches Supabase
[2026-07-06 00:00:07 UTC]   ✓ customers: 21 rows — matches Supabase
[2026-07-06 00:00:07 UTC]   ✓ bookings: 58 rows — matches Supabase
[2026-07-06 00:00:07 UTC]   ✓ documents: 29 rows — matches Supabase
[2026-07-06 00:00:07 UTC] Phase 3: Uploading to Cloudflare R2...
[2026-07-06 00:00:08 UTC]   Uploaded backups/db/2026-07-06/rooms_2026-07-06_000005.json (5171 bytes)
[2026-07-06 00:00:08 UTC]   Uploaded backups/db/2026-07-06/customers_2026-07-06_000005.json (8971 bytes)
[2026-07-06 00:00:09 UTC]   Uploaded backups/db/2026-07-06/bookings_2026-07-06_000005.json (62085 bytes)
[2026-07-06 00:00:10 UTC]   Uploaded backups/db/2026-07-06/documents_2026-07-06_000005.json (13104 bytes)
[2026-07-06 00:00:10 UTC]   Uploaded schema → backups/db/2026-07-06/schema_2026-07-06_000005.sql
[2026-07-06 00:00:11 UTC]   Uploaded manifest → backups/db/2026-07-06/manifest_2026-07-06_000005.json
[2026-07-06 00:00:12 UTC]   Updated backups/db/latest.json pointer
[2026-07-06 00:00:12 UTC] ============================================================
[2026-07-06 00:00:12 UTC] ✅ BACKUP SUCCESSFUL
[2026-07-06 00:00:12 UTC]    Timestamp : 2026-07-06_000005
[2026-07-06 00:00:12 UTC]    Tables    : rooms(16), customers(21), bookings(58), documents(29)
[2026-07-06 00:00:12 UTC]    Total rows: 124
[2026-07-06 00:00:12 UTC]    R2 prefix : backups/db/2026-07-06/
[2026-07-06 00:00:12 UTC] ============================================================
[2026-07-06 00:00:04 UTC] ============================================================
[2026-07-06 00:00:04 UTC] Hotel Santosh — Database Backup Starting (host: vmi3271961)
[2026-07-06 00:00:04 UTC] ============================================================
[2026-07-06 00:00:04 UTC] Connecting to Supabase...
[2026-07-06 00:00:04 UTC] Connecting to Cloudflare R2...
[2026-07-06 00:00:05 UTC] Phase 1: Fetching all tables from Supabase...
[2026-07-06 00:00:05 UTC]   Fetching rooms...
[2026-07-06 00:00:06 UTC]   ✓ rooms: 16 rows fetched
[2026-07-06 00:00:06 UTC]   Fetching customers...
[2026-07-06 00:00:06 UTC]   ✓ customers: 21 rows fetched
[2026-07-06 00:00:06 UTC]   Fetching bookings...
[2026-07-06 00:00:07 UTC]   ✓ bookings: 58 rows fetched
[2026-07-06 00:00:07 UTC]   Fetching documents...
[2026-07-06 00:00:07 UTC]   ✓ documents: 29 rows fetched
[2026-07-06 00:00:07 UTC] Verifying row counts against live Supabase...
[2026-07-06 00:00:07 UTC]   ✓ rooms: 16 rows — matches Supabase
[2026-07-06 00:00:07 UTC]   ✓ customers: 21 rows — matches Supabase
[2026-07-06 00:00:07 UTC]   ✓ bookings: 58 rows — matches Supabase
[2026-07-06 00:00:07 UTC]   ✓ documents: 29 rows — matches Supabase
[2026-07-06 00:00:07 UTC] Phase 3: Uploading to Cloudflare R2...
[2026-07-06 00:00:08 UTC]   Uploaded backups/db/2026-07-06/rooms_2026-07-06_000005.json (5171 bytes)
[2026-07-06 00:00:08 UTC]   Uploaded backups/db/2026-07-06/customers_2026-07-06_000005.json (8971 bytes)
[2026-07-06 00:00:09 UTC]   Uploaded backups/db/2026-07-06/bookings_2026-07-06_000005.json (62085 bytes)
[2026-07-06 00:00:10 UTC]   Uploaded backups/db/2026-07-06/documents_2026-07-06_000005.json (13104 bytes)
[2026-07-06 00:00:10 UTC]   Uploaded schema → backups/db/2026-07-06/schema_2026-07-06_000005.sql
[2026-07-06 00:00:11 UTC]   Uploaded manifest → backups/db/2026-07-06/manifest_2026-07-06_000005.json
[2026-07-06 00:00:12 UTC]   Updated backups/db/latest.json pointer
[2026-07-06 00:00:12 UTC] ============================================================
[2026-07-06 00:00:12 UTC] ✅ BACKUP SUCCESSFUL
[2026-07-06 00:00:12 UTC]    Timestamp : 2026-07-06_000005
[2026-07-06 00:00:12 UTC]    Tables    : rooms(16), customers(21), bookings(58), documents(29)
[2026-07-06 00:00:12 UTC]    Total rows: 124
[2026-07-06 00:00:12 UTC]    R2 prefix : backups/db/2026-07-06/
[2026-07-06 00:00:12 UTC] ============================================================
=== Backup completed successfully at Mon Jul  6 02:00:12 CEST 2026 ===
=== Backup started at Tue Jul  7 02:00:01 CEST 2026 ===
[2026-07-07 00:00:05 UTC] ============================================================
[2026-07-07 00:00:05 UTC] Hotel Santosh — Database Backup Starting (host: vmi3271961)
[2026-07-07 00:00:05 UTC] ============================================================
[2026-07-07 00:00:05 UTC] Connecting to Supabase...
[2026-07-07 00:00:05 UTC] Connecting to Cloudflare R2...
[2026-07-07 00:00:06 UTC] Phase 1: Fetching all tables from Supabase...
[2026-07-07 00:00:06 UTC]   Fetching rooms...
[2026-07-07 00:00:07 UTC]   ✓ rooms: 16 rows fetched
[2026-07-07 00:00:07 UTC]   Fetching customers...
[2026-07-07 00:00:07 UTC]   ✓ customers: 35 rows fetched
[2026-07-07 00:00:07 UTC]   Fetching bookings...
[2026-07-07 00:00:07 UTC]   ✓ bookings: 75 rows fetched
[2026-07-07 00:00:07 UTC]   Fetching documents...
[2026-07-07 00:00:07 UTC]   ✓ documents: 52 rows fetched
[2026-07-07 00:00:07 UTC] Verifying row counts against live Supabase...
[2026-07-07 00:00:07 UTC]   ✓ rooms: 16 rows — matches Supabase
[2026-07-07 00:00:07 UTC]   ✓ customers: 35 rows — matches Supabase
[2026-07-07 00:00:07 UTC]   ✓ bookings: 75 rows — matches Supabase
[2026-07-07 00:00:07 UTC]   ✓ documents: 52 rows — matches Supabase
[2026-07-07 00:00:07 UTC] Phase 3: Uploading to Cloudflare R2...
[2026-07-07 00:00:08 UTC]   Uploaded backups/db/2026-07-07/rooms_2026-07-07_000006.json (5171 bytes)
[2026-07-07 00:00:08 UTC]   Uploaded backups/db/2026-07-07/customers_2026-07-07_000006.json (15215 bytes)
[2026-07-07 00:00:08 UTC]   Uploaded backups/db/2026-07-07/bookings_2026-07-07_000006.json (80494 bytes)
[2026-07-07 00:00:09 UTC]   Uploaded backups/db/2026-07-07/documents_2026-07-07_000006.json (23222 bytes)
[2026-07-07 00:00:09 UTC]   Uploaded schema → backups/db/2026-07-07/schema_2026-07-07_000006.sql
[2026-07-07 00:00:10 UTC]   Uploaded manifest → backups/db/2026-07-07/manifest_2026-07-07_000006.json
[2026-07-07 00:00:10 UTC]   Updated backups/db/latest.json pointer
[2026-07-07 00:00:10 UTC] ============================================================
[2026-07-07 00:00:10 UTC] ✅ BACKUP SUCCESSFUL
[2026-07-07 00:00:10 UTC]    Timestamp : 2026-07-07_000006
[2026-07-07 00:00:10 UTC]    Tables    : rooms(16), customers(35), bookings(75), documents(52)
[2026-07-07 00:00:10 UTC]    Total rows: 178
[2026-07-07 00:00:10 UTC]    R2 prefix : backups/db/2026-07-07/
[2026-07-07 00:00:10 UTC] ============================================================
[2026-07-07 00:00:05 UTC] ============================================================
[2026-07-07 00:00:05 UTC] Hotel Santosh — Database Backup Starting (host: vmi3271961)
[2026-07-07 00:00:05 UTC] ============================================================
[2026-07-07 00:00:05 UTC] Connecting to Supabase...
[2026-07-07 00:00:05 UTC] Connecting to Cloudflare R2...
[2026-07-07 00:00:06 UTC] Phase 1: Fetching all tables from Supabase...
[2026-07-07 00:00:06 UTC]   Fetching rooms...
[2026-07-07 00:00:07 UTC]   ✓ rooms: 16 rows fetched
[2026-07-07 00:00:07 UTC]   Fetching customers...
[2026-07-07 00:00:07 UTC]   ✓ customers: 35 rows fetched
[2026-07-07 00:00:07 UTC]   Fetching bookings...
[2026-07-07 00:00:07 UTC]   ✓ bookings: 75 rows fetched
[2026-07-07 00:00:07 UTC]   Fetching documents...
[2026-07-07 00:00:07 UTC]   ✓ documents: 52 rows fetched
[2026-07-07 00:00:07 UTC] Verifying row counts against live Supabase...
[2026-07-07 00:00:07 UTC]   ✓ rooms: 16 rows — matches Supabase
[2026-07-07 00:00:07 UTC]   ✓ customers: 35 rows — matches Supabase
[2026-07-07 00:00:07 UTC]   ✓ bookings: 75 rows — matches Supabase
[2026-07-07 00:00:07 UTC]   ✓ documents: 52 rows — matches Supabase
[2026-07-07 00:00:07 UTC] Phase 3: Uploading to Cloudflare R2...
[2026-07-07 00:00:08 UTC]   Uploaded backups/db/2026-07-07/rooms_2026-07-07_000006.json (5171 bytes)
[2026-07-07 00:00:08 UTC]   Uploaded backups/db/2026-07-07/customers_2026-07-07_000006.json (15215 bytes)
[2026-07-07 00:00:08 UTC]   Uploaded backups/db/2026-07-07/bookings_2026-07-07_000006.json (80494 bytes)
[2026-07-07 00:00:09 UTC]   Uploaded backups/db/2026-07-07/documents_2026-07-07_000006.json (23222 bytes)
[2026-07-07 00:00:09 UTC]   Uploaded schema → backups/db/2026-07-07/schema_2026-07-07_000006.sql
[2026-07-07 00:00:10 UTC]   Uploaded manifest → backups/db/2026-07-07/manifest_2026-07-07_000006.json
[2026-07-07 00:00:10 UTC]   Updated backups/db/latest.json pointer
[2026-07-07 00:00:10 UTC] ============================================================
[2026-07-07 00:00:10 UTC] ✅ BACKUP SUCCESSFUL
[2026-07-07 00:00:10 UTC]    Timestamp : 2026-07-07_000006
[2026-07-07 00:00:10 UTC]    Tables    : rooms(16), customers(35), bookings(75), documents(52)
[2026-07-07 00:00:10 UTC]    Total rows: 178
[2026-07-07 00:00:10 UTC]    R2 prefix : backups/db/2026-07-07/
[2026-07-07 00:00:10 UTC] ============================================================
=== Backup completed successfully at Tue Jul  7 02:00:10 CEST 2026 ===
=== Backup started at Wed Jul  8 02:00:01 CEST 2026 ===
[2026-07-08 00:00:05 UTC] ============================================================
[2026-07-08 00:00:05 UTC] Hotel Santosh — Database Backup Starting (host: vmi3271961)
[2026-07-08 00:00:05 UTC] ============================================================
[2026-07-08 00:00:05 UTC] Connecting to Supabase...
[2026-07-08 00:00:05 UTC] Connecting to Cloudflare R2...
[2026-07-08 00:00:06 UTC] Phase 1: Fetching all tables from Supabase...
[2026-07-08 00:00:06 UTC]   Fetching rooms...
[2026-07-08 00:00:07 UTC]   ✓ rooms: 16 rows fetched
[2026-07-08 00:00:07 UTC]   Fetching customers...
[2026-07-08 00:00:07 UTC]   ✓ customers: 40 rows fetched
[2026-07-08 00:00:07 UTC]   Fetching bookings...
[2026-07-08 00:00:07 UTC]   ✓ bookings: 84 rows fetched
[2026-07-08 00:00:07 UTC]   Fetching documents...
[2026-07-08 00:00:07 UTC]   ✓ documents: 61 rows fetched
[2026-07-08 00:00:07 UTC] Verifying row counts against live Supabase...
[2026-07-08 00:00:07 UTC]   ✓ rooms: 16 rows — matches Supabase
[2026-07-08 00:00:07 UTC]   ✓ customers: 40 rows — matches Supabase
[2026-07-08 00:00:07 UTC]   ✓ bookings: 84 rows — matches Supabase
[2026-07-08 00:00:07 UTC]   ✓ documents: 61 rows — matches Supabase
[2026-07-08 00:00:07 UTC] Phase 3: Uploading to Cloudflare R2...
[2026-07-08 00:00:08 UTC]   Uploaded backups/db/2026-07-08/rooms_2026-07-08_000006.json (5171 bytes)
[2026-07-08 00:00:09 UTC]   Uploaded backups/db/2026-07-08/customers_2026-07-08_000006.json (17503 bytes)
[2026-07-08 00:00:09 UTC]   Uploaded backups/db/2026-07-08/bookings_2026-07-08_000006.json (90607 bytes)
[2026-07-08 00:00:10 UTC]   Uploaded backups/db/2026-07-08/documents_2026-07-08_000006.json (27182 bytes)
[2026-07-08 00:00:11 UTC]   Uploaded schema → backups/db/2026-07-08/schema_2026-07-08_000006.sql
[2026-07-08 00:00:12 UTC]   Uploaded manifest → backups/db/2026-07-08/manifest_2026-07-08_000006.json
[2026-07-08 00:00:12 UTC]   Updated backups/db/latest.json pointer
[2026-07-08 00:00:12 UTC] ============================================================
[2026-07-08 00:00:12 UTC] ✅ BACKUP SUCCESSFUL
[2026-07-08 00:00:12 UTC]    Timestamp : 2026-07-08_000006
[2026-07-08 00:00:12 UTC]    Tables    : rooms(16), customers(40), bookings(84), documents(61)
[2026-07-08 00:00:12 UTC]    Total rows: 201
[2026-07-08 00:00:12 UTC]    R2 prefix : backups/db/2026-07-08/
[2026-07-08 00:00:12 UTC] ============================================================
[2026-07-08 00:00:05 UTC] ============================================================
[2026-07-08 00:00:05 UTC] Hotel Santosh — Database Backup Starting (host: vmi3271961)
[2026-07-08 00:00:05 UTC] ============================================================
[2026-07-08 00:00:05 UTC] Connecting to Supabase...
[2026-07-08 00:00:05 UTC] Connecting to Cloudflare R2...
[2026-07-08 00:00:06 UTC] Phase 1: Fetching all tables from Supabase...
[2026-07-08 00:00:06 UTC]   Fetching rooms...
[2026-07-08 00:00:07 UTC]   ✓ rooms: 16 rows fetched
[2026-07-08 00:00:07 UTC]   Fetching customers...
[2026-07-08 00:00:07 UTC]   ✓ customers: 40 rows fetched
[2026-07-08 00:00:07 UTC]   Fetching bookings...
[2026-07-08 00:00:07 UTC]   ✓ bookings: 84 rows fetched
[2026-07-08 00:00:07 UTC]   Fetching documents...
[2026-07-08 00:00:07 UTC]   ✓ documents: 61 rows fetched
[2026-07-08 00:00:07 UTC] Verifying row counts against live Supabase...
[2026-07-08 00:00:07 UTC]   ✓ rooms: 16 rows — matches Supabase
[2026-07-08 00:00:07 UTC]   ✓ customers: 40 rows — matches Supabase
[2026-07-08 00:00:07 UTC]   ✓ bookings: 84 rows — matches Supabase
[2026-07-08 00:00:07 UTC]   ✓ documents: 61 rows — matches Supabase
[2026-07-08 00:00:07 UTC] Phase 3: Uploading to Cloudflare R2...
[2026-07-08 00:00:08 UTC]   Uploaded backups/db/2026-07-08/rooms_2026-07-08_000006.json (5171 bytes)
[2026-07-08 00:00:09 UTC]   Uploaded backups/db/2026-07-08/customers_2026-07-08_000006.json (17503 bytes)
[2026-07-08 00:00:09 UTC]   Uploaded backups/db/2026-07-08/bookings_2026-07-08_000006.json (90607 bytes)
[2026-07-08 00:00:10 UTC]   Uploaded backups/db/2026-07-08/documents_2026-07-08_000006.json (27182 bytes)
[2026-07-08 00:00:11 UTC]   Uploaded schema → backups/db/2026-07-08/schema_2026-07-08_000006.sql
[2026-07-08 00:00:12 UTC]   Uploaded manifest → backups/db/2026-07-08/manifest_2026-07-08_000006.json
[2026-07-08 00:00:12 UTC]   Updated backups/db/latest.json pointer
[2026-07-08 00:00:12 UTC] ============================================================
[2026-07-08 00:00:12 UTC] ✅ BACKUP SUCCESSFUL
[2026-07-08 00:00:12 UTC]    Timestamp : 2026-07-08_000006
[2026-07-08 00:00:12 UTC]    Tables    : rooms(16), customers(40), bookings(84), documents(61)
[2026-07-08 00:00:12 UTC]    Total rows: 201
[2026-07-08 00:00:12 UTC]    R2 prefix : backups/db/2026-07-08/
[2026-07-08 00:00:12 UTC] ============================================================
=== Backup completed successfully at Wed Jul  8 02:00:12 CEST 2026 ===
=== Backup started at Thu Jul  9 02:00:01 CEST 2026 ===
[2026-07-09 00:00:05 UTC] ============================================================
[2026-07-09 00:00:05 UTC] Hotel Santosh — Database Backup Starting (host: vmi3271961)
[2026-07-09 00:00:05 UTC] ============================================================
[2026-07-09 00:00:05 UTC] Connecting to Supabase...
[2026-07-09 00:00:05 UTC] Connecting to Cloudflare R2...
[2026-07-09 00:00:06 UTC] Phase 1: Fetching all tables from Supabase...
[2026-07-09 00:00:06 UTC]   Fetching rooms...
[2026-07-09 00:00:07 UTC]   ✓ rooms: 16 rows fetched
[2026-07-09 00:00:07 UTC]   Fetching customers...
[2026-07-09 00:00:07 UTC]   ✓ customers: 47 rows fetched
[2026-07-09 00:00:07 UTC]   Fetching bookings...
[2026-07-09 00:00:07 UTC]   ✓ bookings: 100 rows fetched
[2026-07-09 00:00:07 UTC]   Fetching documents...
[2026-07-09 00:00:07 UTC]   ✓ documents: 74 rows fetched
[2026-07-09 00:00:07 UTC] Verifying row counts against live Supabase...
[2026-07-09 00:00:07 UTC]   ✓ rooms: 16 rows — matches Supabase
[2026-07-09 00:00:07 UTC]   ✓ customers: 47 rows — matches Supabase
[2026-07-09 00:00:07 UTC]   ✓ bookings: 100 rows — matches Supabase
[2026-07-09 00:00:07 UTC]   ✓ documents: 74 rows — matches Supabase
[2026-07-09 00:00:07 UTC] Phase 3: Uploading to Cloudflare R2...
[2026-07-09 00:00:08 UTC]   Uploaded backups/db/2026-07-09/rooms_2026-07-09_000006.json (5171 bytes)
[2026-07-09 00:00:08 UTC]   Uploaded backups/db/2026-07-09/customers_2026-07-09_000006.json (20793 bytes)
[2026-07-09 00:00:09 UTC]   Uploaded backups/db/2026-07-09/bookings_2026-07-09_000006.json (108011 bytes)
[2026-07-09 00:00:09 UTC]   Uploaded backups/db/2026-07-09/documents_2026-07-09_000006.json (32901 bytes)
[2026-07-09 00:00:10 UTC]   Uploaded schema → backups/db/2026-07-09/schema_2026-07-09_000006.sql
[2026-07-09 00:00:10 UTC]   Uploaded manifest → backups/db/2026-07-09/manifest_2026-07-09_000006.json
[2026-07-09 00:00:10 UTC]   Updated backups/db/latest.json pointer
[2026-07-09 00:00:10 UTC] ============================================================
[2026-07-09 00:00:10 UTC] ✅ BACKUP SUCCESSFUL
[2026-07-09 00:00:10 UTC]    Timestamp : 2026-07-09_000006
[2026-07-09 00:00:10 UTC]    Tables    : rooms(16), customers(47), bookings(100), documents(74)
[2026-07-09 00:00:10 UTC]    Total rows: 237
[2026-07-09 00:00:10 UTC]    R2 prefix : backups/db/2026-07-09/
[2026-07-09 00:00:10 UTC] ============================================================
[2026-07-09 00:00:05 UTC] ============================================================
[2026-07-09 00:00:05 UTC] Hotel Santosh — Database Backup Starting (host: vmi3271961)
[2026-07-09 00:00:05 UTC] ============================================================
[2026-07-09 00:00:05 UTC] Connecting to Supabase...
[2026-07-09 00:00:05 UTC] Connecting to Cloudflare R2...
[2026-07-09 00:00:06 UTC] Phase 1: Fetching all tables from Supabase...
[2026-07-09 00:00:06 UTC]   Fetching rooms...
[2026-07-09 00:00:07 UTC]   ✓ rooms: 16 rows fetched
[2026-07-09 00:00:07 UTC]   Fetching customers...
[2026-07-09 00:00:07 UTC]   ✓ customers: 47 rows fetched
[2026-07-09 00:00:07 UTC]   Fetching bookings...
[2026-07-09 00:00:07 UTC]   ✓ bookings: 100 rows fetched
[2026-07-09 00:00:07 UTC]   Fetching documents...
[2026-07-09 00:00:07 UTC]   ✓ documents: 74 rows fetched
[2026-07-09 00:00:07 UTC] Verifying row counts against live Supabase...
[2026-07-09 00:00:07 UTC]   ✓ rooms: 16 rows — matches Supabase
[2026-07-09 00:00:07 UTC]   ✓ customers: 47 rows — matches Supabase
[2026-07-09 00:00:07 UTC]   ✓ bookings: 100 rows — matches Supabase
[2026-07-09 00:00:07 UTC]   ✓ documents: 74 rows — matches Supabase
[2026-07-09 00:00:07 UTC] Phase 3: Uploading to Cloudflare R2...
[2026-07-09 00:00:08 UTC]   Uploaded backups/db/2026-07-09/rooms_2026-07-09_000006.json (5171 bytes)
[2026-07-09 00:00:08 UTC]   Uploaded backups/db/2026-07-09/customers_2026-07-09_000006.json (20793 bytes)
[2026-07-09 00:00:09 UTC]   Uploaded backups/db/2026-07-09/bookings_2026-07-09_000006.json (108011 bytes)
[2026-07-09 00:00:09 UTC]   Uploaded backups/db/2026-07-09/documents_2026-07-09_000006.json (32901 bytes)
[2026-07-09 00:00:10 UTC]   Uploaded schema → backups/db/2026-07-09/schema_2026-07-09_000006.sql
[2026-07-09 00:00:10 UTC]   Uploaded manifest → backups/db/2026-07-09/manifest_2026-07-09_000006.json
[2026-07-09 00:00:10 UTC]   Updated backups/db/latest.json pointer
[2026-07-09 00:00:10 UTC] ============================================================
[2026-07-09 00:00:10 UTC] ✅ BACKUP SUCCESSFUL
[2026-07-09 00:00:10 UTC]    Timestamp : 2026-07-09_000006
[2026-07-09 00:00:10 UTC]    Tables    : rooms(16), customers(47), bookings(100), documents(74)
[2026-07-09 00:00:10 UTC]    Total rows: 237
[2026-07-09 00:00:10 UTC]    R2 prefix : backups/db/2026-07-09/
[2026-07-09 00:00:10 UTC] ============================================================
=== Backup completed successfully at Thu Jul  9 02:00:11 CEST 2026 ===
=== Backup started at Fri Jul 10 02:00:01 CEST 2026 ===
[2026-07-10 00:00:06 UTC] ============================================================
[2026-07-10 00:00:06 UTC] Hotel Santosh — Database Backup Starting (host: vmi3271961)
[2026-07-10 00:00:06 UTC] ============================================================
[2026-07-10 00:00:06 UTC] Connecting to Supabase...
[2026-07-10 00:00:06 UTC] Connecting to Cloudflare R2...
[2026-07-10 00:00:07 UTC] Phase 1: Fetching all tables from Supabase...
[2026-07-10 00:00:07 UTC]   Fetching rooms...
[2026-07-10 00:00:08 UTC]   ✓ rooms: 16 rows fetched
[2026-07-10 00:00:08 UTC]   Fetching customers...
[2026-07-10 00:00:08 UTC]   ✓ customers: 53 rows fetched
[2026-07-10 00:00:08 UTC]   Fetching bookings...
[2026-07-10 00:00:08 UTC]   ✓ bookings: 114 rows fetched
[2026-07-10 00:00:08 UTC]   Fetching documents...
[2026-07-10 00:00:08 UTC]   ✓ documents: 88 rows fetched
[2026-07-10 00:00:08 UTC] Verifying row counts against live Supabase...
[2026-07-10 00:00:08 UTC]   ✓ rooms: 16 rows — matches Supabase
[2026-07-10 00:00:08 UTC]   ✓ customers: 53 rows — matches Supabase
[2026-07-10 00:00:08 UTC]   ✓ bookings: 114 rows — matches Supabase
[2026-07-10 00:00:08 UTC]   ✓ documents: 88 rows — matches Supabase
[2026-07-10 00:00:08 UTC] Phase 3: Uploading to Cloudflare R2...
[2026-07-10 00:00:09 UTC]   Uploaded backups/db/2026-07-10/rooms_2026-07-10_000007.json (5171 bytes)
[2026-07-10 00:00:10 UTC]   Uploaded backups/db/2026-07-10/customers_2026-07-10_000007.json (23707 bytes)
[2026-07-10 00:00:10 UTC]   Uploaded backups/db/2026-07-10/bookings_2026-07-10_000007.json (123420 bytes)
[2026-07-10 00:00:10 UTC]   Uploaded backups/db/2026-07-10/documents_2026-07-10_000007.json (39060 bytes)
[2026-07-10 00:00:11 UTC]   Uploaded schema → backups/db/2026-07-10/schema_2026-07-10_000007.sql
[2026-07-10 00:00:11 UTC]   Uploaded manifest → backups/db/2026-07-10/manifest_2026-07-10_000007.json
[2026-07-10 00:00:12 UTC]   Updated backups/db/latest.json pointer
[2026-07-10 00:00:12 UTC] ============================================================
[2026-07-10 00:00:12 UTC] ✅ BACKUP SUCCESSFUL
[2026-07-10 00:00:12 UTC]    Timestamp : 2026-07-10_000007
[2026-07-10 00:00:12 UTC]    Tables    : rooms(16), customers(53), bookings(114), documents(88)
[2026-07-10 00:00:12 UTC]    Total rows: 271
[2026-07-10 00:00:12 UTC]    R2 prefix : backups/db/2026-07-10/
[2026-07-10 00:00:12 UTC] ============================================================
[2026-07-10 00:00:06 UTC] ============================================================
[2026-07-10 00:00:06 UTC] Hotel Santosh — Database Backup Starting (host: vmi3271961)
[2026-07-10 00:00:06 UTC] ============================================================
[2026-07-10 00:00:06 UTC] Connecting to Supabase...
[2026-07-10 00:00:06 UTC] Connecting to Cloudflare R2...
[2026-07-10 00:00:07 UTC] Phase 1: Fetching all tables from Supabase...
[2026-07-10 00:00:07 UTC]   Fetching rooms...
[2026-07-10 00:00:08 UTC]   ✓ rooms: 16 rows fetched
[2026-07-10 00:00:08 UTC]   Fetching customers...
[2026-07-10 00:00:08 UTC]   ✓ customers: 53 rows fetched
[2026-07-10 00:00:08 UTC]   Fetching bookings...
[2026-07-10 00:00:08 UTC]   ✓ bookings: 114 rows fetched
[2026-07-10 00:00:08 UTC]   Fetching documents...
[2026-07-10 00:00:08 UTC]   ✓ documents: 88 rows fetched
[2026-07-10 00:00:08 UTC] Verifying row counts against live Supabase...
[2026-07-10 00:00:08 UTC]   ✓ rooms: 16 rows — matches Supabase
[2026-07-10 00:00:08 UTC]   ✓ customers: 53 rows — matches Supabase
[2026-07-10 00:00:08 UTC]   ✓ bookings: 114 rows — matches Supabase
[2026-07-10 00:00:08 UTC]   ✓ documents: 88 rows — matches Supabase
[2026-07-10 00:00:08 UTC] Phase 3: Uploading to Cloudflare R2...
[2026-07-10 00:00:09 UTC]   Uploaded backups/db/2026-07-10/rooms_2026-07-10_000007.json (5171 bytes)
[2026-07-10 00:00:10 UTC]   Uploaded backups/db/2026-07-10/customers_2026-07-10_000007.json (23707 bytes)
[2026-07-10 00:00:10 UTC]   Uploaded backups/db/2026-07-10/bookings_2026-07-10_000007.json (123420 bytes)
[2026-07-10 00:00:10 UTC]   Uploaded backups/db/2026-07-10/documents_2026-07-10_000007.json (39060 bytes)
[2026-07-10 00:00:11 UTC]   Uploaded schema → backups/db/2026-07-10/schema_2026-07-10_000007.sql
[2026-07-10 00:00:11 UTC]   Uploaded manifest → backups/db/2026-07-10/manifest_2026-07-10_000007.json
[2026-07-10 00:00:12 UTC]   Updated backups/db/latest.json pointer
[2026-07-10 00:00:12 UTC] ============================================================
[2026-07-10 00:00:12 UTC] ✅ BACKUP SUCCESSFUL
[2026-07-10 00:00:12 UTC]    Timestamp : 2026-07-10_000007
[2026-07-10 00:00:12 UTC]    Tables    : rooms(16), customers(53), bookings(114), documents(88)
[2026-07-10 00:00:12 UTC]    Total rows: 271
[2026-07-10 00:00:12 UTC]    R2 prefix : backups/db/2026-07-10/
[2026-07-10 00:00:12 UTC] ============================================================
=== Backup completed successfully at Fri Jul 10 02:00:12 CEST 2026 ===
=== Backup started at Sat Jul 11 02:00:01 CEST 2026 ===
[2026-07-11 00:00:05 UTC] ============================================================
[2026-07-11 00:00:05 UTC] Hotel Santosh — Database Backup Starting (host: vmi3271961)
[2026-07-11 00:00:05 UTC] ============================================================
[2026-07-11 00:00:05 UTC] Connecting to Supabase...
[2026-07-11 00:00:05 UTC] Connecting to Cloudflare R2...
[2026-07-11 00:00:06 UTC] Phase 1: Fetching all tables from Supabase...
[2026-07-11 00:00:06 UTC]   Fetching rooms...
[2026-07-11 00:00:07 UTC]   ✓ rooms: 16 rows fetched
[2026-07-11 00:00:07 UTC]   Fetching customers...
[2026-07-11 00:00:07 UTC]   ✓ customers: 60 rows fetched
[2026-07-11 00:00:07 UTC]   Fetching bookings...
[2026-07-11 00:00:07 UTC]   ✓ bookings: 128 rows fetched
[2026-07-11 00:00:07 UTC]   Fetching documents...
[2026-07-11 00:00:07 UTC]   ✓ documents: 102 rows fetched
[2026-07-11 00:00:07 UTC] Verifying row counts against live Supabase...
[2026-07-11 00:00:07 UTC]   ✓ rooms: 16 rows — matches Supabase
[2026-07-11 00:00:07 UTC]   ✓ customers: 60 rows — matches Supabase
[2026-07-11 00:00:07 UTC]   ✓ bookings: 128 rows — matches Supabase
[2026-07-11 00:00:07 UTC]   ✓ documents: 102 rows — matches Supabase
[2026-07-11 00:00:07 UTC] Phase 3: Uploading to Cloudflare R2...
[2026-07-11 00:00:08 UTC]   Uploaded backups/db/2026-07-11/rooms_2026-07-11_000006.json (5171 bytes)
[2026-07-11 00:00:09 UTC]   Uploaded backups/db/2026-07-11/customers_2026-07-11_000006.json (27056 bytes)
[2026-07-11 00:00:09 UTC]   Uploaded backups/db/2026-07-11/bookings_2026-07-11_000006.json (138896 bytes)
[2026-07-11 00:00:09 UTC]   Uploaded backups/db/2026-07-11/documents_2026-07-11_000006.json (45219 bytes)
[2026-07-11 00:00:10 UTC]   Uploaded schema → backups/db/2026-07-11/schema_2026-07-11_000006.sql
[2026-07-11 00:00:10 UTC]   Uploaded manifest → backups/db/2026-07-11/manifest_2026-07-11_000006.json
[2026-07-11 00:00:11 UTC]   Updated backups/db/latest.json pointer
[2026-07-11 00:00:11 UTC] ============================================================
[2026-07-11 00:00:11 UTC] ✅ BACKUP SUCCESSFUL
[2026-07-11 00:00:11 UTC]    Timestamp : 2026-07-11_000006
[2026-07-11 00:00:11 UTC]    Tables    : rooms(16), customers(60), bookings(128), documents(102)
[2026-07-11 00:00:11 UTC]    Total rows: 306
[2026-07-11 00:00:11 UTC]    R2 prefix : backups/db/2026-07-11/
[2026-07-11 00:00:11 UTC] ============================================================
[2026-07-11 00:00:05 UTC] ============================================================
[2026-07-11 00:00:05 UTC] Hotel Santosh — Database Backup Starting (host: vmi3271961)
[2026-07-11 00:00:05 UTC] ============================================================
[2026-07-11 00:00:05 UTC] Connecting to Supabase...
[2026-07-11 00:00:05 UTC] Connecting to Cloudflare R2...
[2026-07-11 00:00:06 UTC] Phase 1: Fetching all tables from Supabase...
[2026-07-11 00:00:06 UTC]   Fetching rooms...
[2026-07-11 00:00:07 UTC]   ✓ rooms: 16 rows fetched
[2026-07-11 00:00:07 UTC]   Fetching customers...
[2026-07-11 00:00:07 UTC]   ✓ customers: 60 rows fetched
[2026-07-11 00:00:07 UTC]   Fetching bookings...
[2026-07-11 00:00:07 UTC]   ✓ bookings: 128 rows fetched
[2026-07-11 00:00:07 UTC]   Fetching documents...
[2026-07-11 00:00:07 UTC]   ✓ documents: 102 rows fetched
[2026-07-11 00:00:07 UTC] Verifying row counts against live Supabase...
[2026-07-11 00:00:07 UTC]   ✓ rooms: 16 rows — matches Supabase
[2026-07-11 00:00:07 UTC]   ✓ customers: 60 rows — matches Supabase
[2026-07-11 00:00:07 UTC]   ✓ bookings: 128 rows — matches Supabase
[2026-07-11 00:00:07 UTC]   ✓ documents: 102 rows — matches Supabase
[2026-07-11 00:00:07 UTC] Phase 3: Uploading to Cloudflare R2...
[2026-07-11 00:00:08 UTC]   Uploaded backups/db/2026-07-11/rooms_2026-07-11_000006.json (5171 bytes)
[2026-07-11 00:00:09 UTC]   Uploaded backups/db/2026-07-11/customers_2026-07-11_000006.json (27056 bytes)
[2026-07-11 00:00:09 UTC]   Uploaded backups/db/2026-07-11/bookings_2026-07-11_000006.json (138896 bytes)
[2026-07-11 00:00:09 UTC]   Uploaded backups/db/2026-07-11/documents_2026-07-11_000006.json (45219 bytes)
[2026-07-11 00:00:10 UTC]   Uploaded schema → backups/db/2026-07-11/schema_2026-07-11_000006.sql
[2026-07-11 00:00:10 UTC]   Uploaded manifest → backups/db/2026-07-11/manifest_2026-07-11_000006.json
[2026-07-11 00:00:11 UTC]   Updated backups/db/latest.json pointer
[2026-07-11 00:00:11 UTC] ============================================================
[2026-07-11 00:00:11 UTC] ✅ BACKUP SUCCESSFUL
[2026-07-11 00:00:11 UTC]    Timestamp : 2026-07-11_000006
[2026-07-11 00:00:11 UTC]    Tables    : rooms(16), customers(60), bookings(128), documents(102)
[2026-07-11 00:00:11 UTC]    Total rows: 306
[2026-07-11 00:00:11 UTC]    R2 prefix : backups/db/2026-07-11/
[2026-07-11 00:00:11 UTC] ============================================================
=== Backup completed successfully at Sat Jul 11 02:00:11 CEST 2026 ===
=== Backup started at Sun Jul 12 02:00:01 CEST 2026 ===
[2026-07-12 00:00:06 UTC] ============================================================
[2026-07-12 00:00:06 UTC] Hotel Santosh — Database Backup Starting (host: vmi3271961)
[2026-07-12 00:00:06 UTC] ============================================================
[2026-07-12 00:00:06 UTC] Connecting to Supabase...
[2026-07-12 00:00:06 UTC] Connecting to Cloudflare R2...
[2026-07-12 00:00:07 UTC] Phase 1: Fetching all tables from Supabase...
[2026-07-12 00:00:07 UTC]   Fetching rooms...
[2026-07-12 00:00:08 UTC]   ✓ rooms: 16 rows fetched
[2026-07-12 00:00:08 UTC]   Fetching customers...
[2026-07-12 00:00:08 UTC]   ✓ customers: 61 rows fetched
[2026-07-12 00:00:08 UTC]   Fetching bookings...
[2026-07-12 00:00:08 UTC]   ✓ bookings: 132 rows fetched
[2026-07-12 00:00:08 UTC]   Fetching documents...
[2026-07-12 00:00:09 UTC]   ✓ documents: 104 rows fetched
[2026-07-12 00:00:09 UTC] Verifying row counts against live Supabase...
[2026-07-12 00:00:09 UTC]   ✓ rooms: 16 rows — matches Supabase
[2026-07-12 00:00:09 UTC]   ✓ customers: 61 rows — matches Supabase
[2026-07-12 00:00:09 UTC]   ✓ bookings: 132 rows — matches Supabase
[2026-07-12 00:00:09 UTC]   ✓ documents: 104 rows — matches Supabase
[2026-07-12 00:00:09 UTC] Phase 3: Uploading to Cloudflare R2...
[2026-07-12 00:00:10 UTC]   Uploaded backups/db/2026-07-12/rooms_2026-07-12_000007.json (5171 bytes)
[2026-07-12 00:00:10 UTC]   Uploaded backups/db/2026-07-12/customers_2026-07-12_000007.json (27553 bytes)
[2026-07-12 00:00:10 UTC]   Uploaded backups/db/2026-07-12/bookings_2026-07-12_000007.json (143782 bytes)
[2026-07-12 00:00:11 UTC]   Uploaded backups/db/2026-07-12/documents_2026-07-12_000007.json (46099 bytes)
[2026-07-12 00:00:11 UTC]   Uploaded schema → backups/db/2026-07-12/schema_2026-07-12_000007.sql
[2026-07-12 00:00:12 UTC]   Uploaded manifest → backups/db/2026-07-12/manifest_2026-07-12_000007.json
[2026-07-12 00:00:12 UTC]   Updated backups/db/latest.json pointer
[2026-07-12 00:00:12 UTC] ============================================================
[2026-07-12 00:00:12 UTC] ✅ BACKUP SUCCESSFUL
[2026-07-12 00:00:12 UTC]    Timestamp : 2026-07-12_000007
[2026-07-12 00:00:12 UTC]    Tables    : rooms(16), customers(61), bookings(132), documents(104)
[2026-07-12 00:00:12 UTC]    Total rows: 313
[2026-07-12 00:00:12 UTC]    R2 prefix : backups/db/2026-07-12/
[2026-07-12 00:00:12 UTC] ============================================================
[2026-07-12 00:00:06 UTC] ============================================================
[2026-07-12 00:00:06 UTC] Hotel Santosh — Database Backup Starting (host: vmi3271961)
[2026-07-12 00:00:06 UTC] ============================================================
[2026-07-12 00:00:06 UTC] Connecting to Supabase...
[2026-07-12 00:00:06 UTC] Connecting to Cloudflare R2...
[2026-07-12 00:00:07 UTC] Phase 1: Fetching all tables from Supabase...
[2026-07-12 00:00:07 UTC]   Fetching rooms...
[2026-07-12 00:00:08 UTC]   ✓ rooms: 16 rows fetched
[2026-07-12 00:00:08 UTC]   Fetching customers...
[2026-07-12 00:00:08 UTC]   ✓ customers: 61 rows fetched
[2026-07-12 00:00:08 UTC]   Fetching bookings...
[2026-07-12 00:00:08 UTC]   ✓ bookings: 132 rows fetched
[2026-07-12 00:00:08 UTC]   Fetching documents...
[2026-07-12 00:00:09 UTC]   ✓ documents: 104 rows fetched
[2026-07-12 00:00:09 UTC] Verifying row counts against live Supabase...
[2026-07-12 00:00:09 UTC]   ✓ rooms: 16 rows — matches Supabase
[2026-07-12 00:00:09 UTC]   ✓ customers: 61 rows — matches Supabase
[2026-07-12 00:00:09 UTC]   ✓ bookings: 132 rows — matches Supabase
[2026-07-12 00:00:09 UTC]   ✓ documents: 104 rows — matches Supabase
[2026-07-12 00:00:09 UTC] Phase 3: Uploading to Cloudflare R2...
[2026-07-12 00:00:10 UTC]   Uploaded backups/db/2026-07-12/rooms_2026-07-12_000007.json (5171 bytes)
[2026-07-12 00:00:10 UTC]   Uploaded backups/db/2026-07-12/customers_2026-07-12_000007.json (27553 bytes)
[2026-07-12 00:00:10 UTC]   Uploaded backups/db/2026-07-12/bookings_2026-07-12_000007.json (143782 bytes)
[2026-07-12 00:00:11 UTC]   Uploaded backups/db/2026-07-12/documents_2026-07-12_000007.json (46099 bytes)
[2026-07-12 00:00:11 UTC]   Uploaded schema → backups/db/2026-07-12/schema_2026-07-12_000007.sql
[2026-07-12 00:00:12 UTC]   Uploaded manifest → backups/db/2026-07-12/manifest_2026-07-12_000007.json
[2026-07-12 00:00:12 UTC]   Updated backups/db/latest.json pointer
[2026-07-12 00:00:12 UTC] ============================================================
[2026-07-12 00:00:12 UTC] ✅ BACKUP SUCCESSFUL
[2026-07-12 00:00:12 UTC]    Timestamp : 2026-07-12_000007
[2026-07-12 00:00:12 UTC]    Tables    : rooms(16), customers(61), bookings(132), documents(104)
[2026-07-12 00:00:12 UTC]    Total rows: 313
[2026-07-12 00:00:12 UTC]    R2 prefix : backups/db/2026-07-12/
[2026-07-12 00:00:12 UTC] ============================================================
=== Backup completed successfully at Sun Jul 12 02:00:12 CEST 2026 ===
=== Backup started at Mon Jul 13 02:00:01 CEST 2026 ===
[2026-07-13 00:00:05 UTC] ============================================================
[2026-07-13 00:00:05 UTC] Hotel Santosh — Database Backup Starting (host: vmi3271961)
[2026-07-13 00:00:05 UTC] ============================================================
[2026-07-13 00:00:05 UTC] Connecting to Supabase...
[2026-07-13 00:00:05 UTC] Connecting to Cloudflare R2...
[2026-07-13 00:00:06 UTC] Phase 1: Fetching all tables from Supabase...
[2026-07-13 00:00:06 UTC]   Fetching rooms...
[2026-07-13 00:00:07 UTC]   ✓ rooms: 16 rows fetched
[2026-07-13 00:00:07 UTC]   Fetching customers...
[2026-07-13 00:00:07 UTC]   ✓ customers: 66 rows fetched
[2026-07-13 00:00:07 UTC]   Fetching bookings...
[2026-07-13 00:00:08 UTC]   ✓ bookings: 142 rows fetched
[2026-07-13 00:00:08 UTC]   Fetching documents...
[2026-07-13 00:00:08 UTC]   ✓ documents: 113 rows fetched
[2026-07-13 00:00:08 UTC] Verifying row counts against live Supabase...
[2026-07-13 00:00:08 UTC]   ✓ rooms: 16 rows — matches Supabase
[2026-07-13 00:00:08 UTC]   ✓ customers: 66 rows — matches Supabase
[2026-07-13 00:00:08 UTC]   ✓ bookings: 142 rows — matches Supabase
[2026-07-13 00:00:08 UTC]   ✓ documents: 113 rows — matches Supabase
[2026-07-13 00:00:08 UTC] Phase 3: Uploading to Cloudflare R2...
[2026-07-13 00:00:09 UTC]   Uploaded backups/db/2026-07-13/rooms_2026-07-13_000006.json (5171 bytes)
[2026-07-13 00:00:09 UTC]   Uploaded backups/db/2026-07-13/customers_2026-07-13_000006.json (29888 bytes)
[2026-07-13 00:00:10 UTC]   Uploaded backups/db/2026-07-13/bookings_2026-07-13_000006.json (154622 bytes)
[2026-07-13 00:00:10 UTC]   Uploaded backups/db/2026-07-13/documents_2026-07-13_000006.json (50058 bytes)
[2026-07-13 00:00:10 UTC]   Uploaded schema → backups/db/2026-07-13/schema_2026-07-13_000006.sql
[2026-07-13 00:00:11 UTC]   Uploaded manifest → backups/db/2026-07-13/manifest_2026-07-13_000006.json
[2026-07-13 00:00:11 UTC]   Updated backups/db/latest.json pointer
[2026-07-13 00:00:11 UTC] ============================================================
[2026-07-13 00:00:11 UTC] ✅ BACKUP SUCCESSFUL
[2026-07-13 00:00:11 UTC]    Timestamp : 2026-07-13_000006
[2026-07-13 00:00:11 UTC]    Tables    : rooms(16), customers(66), bookings(142), documents(113)
[2026-07-13 00:00:11 UTC]    Total rows: 337
[2026-07-13 00:00:11 UTC]    R2 prefix : backups/db/2026-07-13/
[2026-07-13 00:00:11 UTC] ============================================================
[2026-07-13 00:00:05 UTC] ============================================================
[2026-07-13 00:00:05 UTC] Hotel Santosh — Database Backup Starting (host: vmi3271961)
[2026-07-13 00:00:05 UTC] ============================================================
[2026-07-13 00:00:05 UTC] Connecting to Supabase...
[2026-07-13 00:00:05 UTC] Connecting to Cloudflare R2...
[2026-07-13 00:00:06 UTC] Phase 1: Fetching all tables from Supabase...
[2026-07-13 00:00:06 UTC]   Fetching rooms...
[2026-07-13 00:00:07 UTC]   ✓ rooms: 16 rows fetched
[2026-07-13 00:00:07 UTC]   Fetching customers...
[2026-07-13 00:00:07 UTC]   ✓ customers: 66 rows fetched
[2026-07-13 00:00:07 UTC]   Fetching bookings...
[2026-07-13 00:00:08 UTC]   ✓ bookings: 142 rows fetched
[2026-07-13 00:00:08 UTC]   Fetching documents...
[2026-07-13 00:00:08 UTC]   ✓ documents: 113 rows fetched
[2026-07-13 00:00:08 UTC] Verifying row counts against live Supabase...
[2026-07-13 00:00:08 UTC]   ✓ rooms: 16 rows — matches Supabase
[2026-07-13 00:00:08 UTC]   ✓ customers: 66 rows — matches Supabase
[2026-07-13 00:00:08 UTC]   ✓ bookings: 142 rows — matches Supabase
[2026-07-13 00:00:08 UTC]   ✓ documents: 113 rows — matches Supabase
[2026-07-13 00:00:08 UTC] Phase 3: Uploading to Cloudflare R2...
[2026-07-13 00:00:09 UTC]   Uploaded backups/db/2026-07-13/rooms_2026-07-13_000006.json (5171 bytes)
[2026-07-13 00:00:09 UTC]   Uploaded backups/db/2026-07-13/customers_2026-07-13_000006.json (29888 bytes)
[2026-07-13 00:00:10 UTC]   Uploaded backups/db/2026-07-13/bookings_2026-07-13_000006.json (154622 bytes)
[2026-07-13 00:00:10 UTC]   Uploaded backups/db/2026-07-13/documents_2026-07-13_000006.json (50058 bytes)
[2026-07-13 00:00:10 UTC]   Uploaded schema → backups/db/2026-07-13/schema_2026-07-13_000006.sql
[2026-07-13 00:00:11 UTC]   Uploaded manifest → backups/db/2026-07-13/manifest_2026-07-13_000006.json
[2026-07-13 00:00:11 UTC]   Updated backups/db/latest.json pointer
[2026-07-13 00:00:11 UTC] ============================================================
[2026-07-13 00:00:11 UTC] ✅ BACKUP SUCCESSFUL
[2026-07-13 00:00:11 UTC]    Timestamp : 2026-07-13_000006
[2026-07-13 00:00:11 UTC]    Tables    : rooms(16), customers(66), bookings(142), documents(113)
[2026-07-13 00:00:11 UTC]    Total rows: 337
[2026-07-13 00:00:11 UTC]    R2 prefix : backups/db/2026-07-13/
[2026-07-13 00:00:11 UTC] ============================================================
=== Backup completed successfully at Mon Jul 13 02:00:12 CEST 2026 ===
=== Backup started at Tue Jul 14 02:00:01 CEST 2026 ===
[2026-07-14 00:00:06 UTC] ============================================================
[2026-07-14 00:00:06 UTC] Hotel Santosh — Database Backup Starting (host: vmi3271961)
[2026-07-14 00:00:06 UTC] ============================================================
[2026-07-14 00:00:06 UTC] Connecting to Supabase...
[2026-07-14 00:00:06 UTC] Connecting to Cloudflare R2...
[2026-07-14 00:00:07 UTC] Phase 1: Fetching all tables from Supabase...
[2026-07-14 00:00:07 UTC]   Fetching rooms...
[2026-07-14 00:00:08 UTC]   ✓ rooms: 16 rows fetched
[2026-07-14 00:00:08 UTC]   Fetching customers...
[2026-07-14 00:00:08 UTC]   ✓ customers: 72 rows fetched
[2026-07-14 00:00:08 UTC]   Fetching bookings...
[2026-07-14 00:00:09 UTC]   ✓ bookings: 154 rows fetched
[2026-07-14 00:00:09 UTC]   Fetching documents...
[2026-07-14 00:00:09 UTC]   ✓ documents: 125 rows fetched
[2026-07-14 00:00:09 UTC] Verifying row counts against live Supabase...
[2026-07-14 00:00:09 UTC]   ✓ rooms: 16 rows — matches Supabase
[2026-07-14 00:00:09 UTC]   ✓ customers: 72 rows — matches Supabase
[2026-07-14 00:00:09 UTC]   ✓ bookings: 154 rows — matches Supabase
[2026-07-14 00:00:09 UTC]   ✓ documents: 125 rows — matches Supabase
[2026-07-14 00:00:09 UTC] Phase 3: Uploading to Cloudflare R2...
[2026-07-14 00:00:10 UTC]   Uploaded backups/db/2026-07-14/rooms_2026-07-14_000007.json (5171 bytes)
[2026-07-14 00:00:10 UTC]   Uploaded backups/db/2026-07-14/customers_2026-07-14_000007.json (32965 bytes)
[2026-07-14 00:00:11 UTC]   Uploaded backups/db/2026-07-14/bookings_2026-07-14_000007.json (167792 bytes)
[2026-07-14 00:00:12 UTC]   Uploaded backups/db/2026-07-14/documents_2026-07-14_000007.json (55336 bytes)
[2026-07-14 00:00:12 UTC]   Uploaded schema → backups/db/2026-07-14/schema_2026-07-14_000007.sql
[2026-07-14 00:00:13 UTC]   Uploaded manifest → backups/db/2026-07-14/manifest_2026-07-14_000007.json
[2026-07-14 00:00:14 UTC]   Updated backups/db/latest.json pointer
[2026-07-14 00:00:14 UTC] ============================================================
[2026-07-14 00:00:14 UTC] ✅ BACKUP SUCCESSFUL
[2026-07-14 00:00:14 UTC]    Timestamp : 2026-07-14_000007
[2026-07-14 00:00:14 UTC]    Tables    : rooms(16), customers(72), bookings(154), documents(125)
[2026-07-14 00:00:14 UTC]    Total rows: 367
[2026-07-14 00:00:14 UTC]    R2 prefix : backups/db/2026-07-14/
[2026-07-14 00:00:14 UTC] ============================================================
[2026-07-14 00:00:06 UTC] ============================================================
[2026-07-14 00:00:06 UTC] Hotel Santosh — Database Backup Starting (host: vmi3271961)
[2026-07-14 00:00:06 UTC] ============================================================
[2026-07-14 00:00:06 UTC] Connecting to Supabase...
[2026-07-14 00:00:06 UTC] Connecting to Cloudflare R2...
[2026-07-14 00:00:07 UTC] Phase 1: Fetching all tables from Supabase...
[2026-07-14 00:00:07 UTC]   Fetching rooms...
[2026-07-14 00:00:08 UTC]   ✓ rooms: 16 rows fetched
[2026-07-14 00:00:08 UTC]   Fetching customers...
[2026-07-14 00:00:08 UTC]   ✓ customers: 72 rows fetched
[2026-07-14 00:00:08 UTC]   Fetching bookings...
[2026-07-14 00:00:09 UTC]   ✓ bookings: 154 rows fetched
[2026-07-14 00:00:09 UTC]   Fetching documents...
[2026-07-14 00:00:09 UTC]   ✓ documents: 125 rows fetched
[2026-07-14 00:00:09 UTC] Verifying row counts against live Supabase...
[2026-07-14 00:00:09 UTC]   ✓ rooms: 16 rows — matches Supabase
[2026-07-14 00:00:09 UTC]   ✓ customers: 72 rows — matches Supabase
[2026-07-14 00:00:09 UTC]   ✓ bookings: 154 rows — matches Supabase
[2026-07-14 00:00:09 UTC]   ✓ documents: 125 rows — matches Supabase
[2026-07-14 00:00:09 UTC] Phase 3: Uploading to Cloudflare R2...
[2026-07-14 00:00:10 UTC]   Uploaded backups/db/2026-07-14/rooms_2026-07-14_000007.json (5171 bytes)
[2026-07-14 00:00:10 UTC]   Uploaded backups/db/2026-07-14/customers_2026-07-14_000007.json (32965 bytes)
[2026-07-14 00:00:11 UTC]   Uploaded backups/db/2026-07-14/bookings_2026-07-14_000007.json (167792 bytes)
[2026-07-14 00:00:12 UTC]   Uploaded backups/db/2026-07-14/documents_2026-07-14_000007.json (55336 bytes)
[2026-07-14 00:00:12 UTC]   Uploaded schema → backups/db/2026-07-14/schema_2026-07-14_000007.sql
[2026-07-14 00:00:13 UTC]   Uploaded manifest → backups/db/2026-07-14/manifest_2026-07-14_000007.json
[2026-07-14 00:00:14 UTC]   Updated backups/db/latest.json pointer
[2026-07-14 00:00:14 UTC] ============================================================
[2026-07-14 00:00:14 UTC] ✅ BACKUP SUCCESSFUL
[2026-07-14 00:00:14 UTC]    Timestamp : 2026-07-14_000007
[2026-07-14 00:00:14 UTC]    Tables    : rooms(16), customers(72), bookings(154), documents(125)
[2026-07-14 00:00:14 UTC]    Total rows: 367
[2026-07-14 00:00:14 UTC]    R2 prefix : backups/db/2026-07-14/
[2026-07-14 00:00:14 UTC] ============================================================
=== Backup completed successfully at Tue Jul 14 02:00:14 CEST 2026 ===
=== Backup started at Wed Jul 15 02:00:01 CEST 2026 ===
[2026-07-15 00:00:05 UTC] ============================================================
[2026-07-15 00:00:05 UTC] Hotel Santosh — Database Backup Starting (host: vmi3271961)
[2026-07-15 00:00:05 UTC] ============================================================
[2026-07-15 00:00:05 UTC] Connecting to Supabase...
[2026-07-15 00:00:05 UTC] Connecting to Cloudflare R2...
[2026-07-15 00:00:07 UTC] Phase 1: Fetching all tables from Supabase...
[2026-07-15 00:00:07 UTC]   Fetching rooms...
[2026-07-15 00:00:08 UTC]   ✓ rooms: 16 rows fetched
[2026-07-15 00:00:08 UTC]   Fetching customers...
[2026-07-15 00:00:08 UTC]   ✓ customers: 78 rows fetched
[2026-07-15 00:00:08 UTC]   Fetching bookings...
[2026-07-15 00:00:08 UTC]   ✓ bookings: 170 rows fetched
[2026-07-15 00:00:08 UTC]   Fetching documents...
[2026-07-15 00:00:08 UTC]   ✓ documents: 138 rows fetched
[2026-07-15 00:00:08 UTC] Verifying row counts against live Supabase...
[2026-07-15 00:00:08 UTC]   ✓ rooms: 16 rows — matches Supabase
[2026-07-15 00:00:08 UTC]   ✓ customers: 78 rows — matches Supabase
[2026-07-15 00:00:08 UTC]   ✓ bookings: 170 rows — matches Supabase
[2026-07-15 00:00:08 UTC]   ✓ documents: 138 rows — matches Supabase
[2026-07-15 00:00:08 UTC] Phase 3: Uploading to Cloudflare R2...
[2026-07-15 00:00:09 UTC]   Uploaded backups/db/2026-07-15/rooms_2026-07-15_000007.json (5171 bytes)
[2026-07-15 00:00:10 UTC]   Uploaded backups/db/2026-07-15/customers_2026-07-15_000007.json (35832 bytes)
[2026-07-15 00:00:11 UTC]   Uploaded backups/db/2026-07-15/bookings_2026-07-15_000007.json (185205 bytes)
[2026-07-15 00:00:11 UTC]   Uploaded backups/db/2026-07-15/documents_2026-07-15_000007.json (61055 bytes)
[2026-07-15 00:00:12 UTC]   Uploaded schema → backups/db/2026-07-15/schema_2026-07-15_000007.sql
[2026-07-15 00:00:13 UTC]   Uploaded manifest → backups/db/2026-07-15/manifest_2026-07-15_000007.json
[2026-07-15 00:00:13 UTC]   Updated backups/db/latest.json pointer
[2026-07-15 00:00:13 UTC] ============================================================
[2026-07-15 00:00:13 UTC] ✅ BACKUP SUCCESSFUL
[2026-07-15 00:00:13 UTC]    Timestamp : 2026-07-15_000007
[2026-07-15 00:00:13 UTC]    Tables    : rooms(16), customers(78), bookings(170), documents(138)
[2026-07-15 00:00:13 UTC]    Total rows: 402
[2026-07-15 00:00:13 UTC]    R2 prefix : backups/db/2026-07-15/
[2026-07-15 00:00:13 UTC] ============================================================
[2026-07-15 00:00:05 UTC] ============================================================
[2026-07-15 00:00:05 UTC] Hotel Santosh — Database Backup Starting (host: vmi3271961)
[2026-07-15 00:00:05 UTC] ============================================================
[2026-07-15 00:00:05 UTC] Connecting to Supabase...
[2026-07-15 00:00:05 UTC] Connecting to Cloudflare R2...
[2026-07-15 00:00:07 UTC] Phase 1: Fetching all tables from Supabase...
[2026-07-15 00:00:07 UTC]   Fetching rooms...
[2026-07-15 00:00:08 UTC]   ✓ rooms: 16 rows fetched
[2026-07-15 00:00:08 UTC]   Fetching customers...
[2026-07-15 00:00:08 UTC]   ✓ customers: 78 rows fetched
[2026-07-15 00:00:08 UTC]   Fetching bookings...
[2026-07-15 00:00:08 UTC]   ✓ bookings: 170 rows fetched
[2026-07-15 00:00:08 UTC]   Fetching documents...
[2026-07-15 00:00:08 UTC]   ✓ documents: 138 rows fetched
[2026-07-15 00:00:08 UTC] Verifying row counts against live Supabase...
[2026-07-15 00:00:08 UTC]   ✓ rooms: 16 rows — matches Supabase
[2026-07-15 00:00:08 UTC]   ✓ customers: 78 rows — matches Supabase
[2026-07-15 00:00:08 UTC]   ✓ bookings: 170 rows — matches Supabase
[2026-07-15 00:00:08 UTC]   ✓ documents: 138 rows — matches Supabase
[2026-07-15 00:00:08 UTC] Phase 3: Uploading to Cloudflare R2...
[2026-07-15 00:00:09 UTC]   Uploaded backups/db/2026-07-15/rooms_2026-07-15_000007.json (5171 bytes)
[2026-07-15 00:00:10 UTC]   Uploaded backups/db/2026-07-15/customers_2026-07-15_000007.json (35832 bytes)
[2026-07-15 00:00:11 UTC]   Uploaded backups/db/2026-07-15/bookings_2026-07-15_000007.json (185205 bytes)
[2026-07-15 00:00:11 UTC]   Uploaded backups/db/2026-07-15/documents_2026-07-15_000007.json (61055 bytes)
[2026-07-15 00:00:12 UTC]   Uploaded schema → backups/db/2026-07-15/schema_2026-07-15_000007.sql
[2026-07-15 00:00:13 UTC]   Uploaded manifest → backups/db/2026-07-15/manifest_2026-07-15_000007.json
[2026-07-15 00:00:13 UTC]   Updated backups/db/latest.json pointer
[2026-07-15 00:00:13 UTC] ============================================================
[2026-07-15 00:00:13 UTC] ✅ BACKUP SUCCESSFUL
[2026-07-15 00:00:13 UTC]    Timestamp : 2026-07-15_000007
[2026-07-15 00:00:13 UTC]    Tables    : rooms(16), customers(78), bookings(170), documents(138)
[2026-07-15 00:00:13 UTC]    Total rows: 402
[2026-07-15 00:00:13 UTC]    R2 prefix : backups/db/2026-07-15/
[2026-07-15 00:00:13 UTC] ============================================================
=== Backup completed successfully at Wed Jul 15 02:00:13 CEST 2026 ===
=== Backup started at Thu Jul 16 02:00:01 CEST 2026 ===
[2026-07-16 00:00:05 UTC] ============================================================
[2026-07-16 00:00:05 UTC] Hotel Santosh — Database Backup Starting (host: vmi3271961)
[2026-07-16 00:00:05 UTC] ============================================================
[2026-07-16 00:00:05 UTC] Connecting to Supabase...
[2026-07-16 00:00:05 UTC] Connecting to Cloudflare R2...
[2026-07-16 00:00:06 UTC] Phase 1: Fetching all tables from Supabase...
[2026-07-16 00:00:06 UTC]   Fetching rooms...
[2026-07-16 00:00:07 UTC]   ✓ rooms: 16 rows fetched
[2026-07-16 00:00:07 UTC]   Fetching customers...
[2026-07-16 00:00:07 UTC]   ✓ customers: 83 rows fetched
[2026-07-16 00:00:07 UTC]   Fetching bookings...
[2026-07-16 00:00:07 UTC]   ✓ bookings: 181 rows fetched
[2026-07-16 00:00:07 UTC]   Fetching documents...
[2026-07-16 00:00:07 UTC]   ✓ documents: 149 rows fetched
[2026-07-16 00:00:07 UTC] Verifying row counts against live Supabase...
[2026-07-16 00:00:07 UTC]   ✓ rooms: 16 rows — matches Supabase
[2026-07-16 00:00:07 UTC]   ✓ customers: 83 rows — matches Supabase
[2026-07-16 00:00:07 UTC]   ✓ bookings: 181 rows — matches Supabase
[2026-07-16 00:00:07 UTC]   ✓ documents: 149 rows — matches Supabase
[2026-07-16 00:00:07 UTC] Phase 3: Uploading to Cloudflare R2...
[2026-07-16 00:00:08 UTC]   Uploaded backups/db/2026-07-16/rooms_2026-07-16_000006.json (5171 bytes)
[2026-07-16 00:00:08 UTC]   Uploaded backups/db/2026-07-16/customers_2026-07-16_000006.json (38329 bytes)
[2026-07-16 00:00:09 UTC]   Uploaded backups/db/2026-07-16/bookings_2026-07-16_000006.json (197332 bytes)
[2026-07-16 00:00:10 UTC]   Uploaded backups/db/2026-07-16/documents_2026-07-16_000006.json (65893 bytes)
[2026-07-16 00:00:10 UTC]   Uploaded schema → backups/db/2026-07-16/schema_2026-07-16_000006.sql
[2026-07-16 00:00:11 UTC]   Uploaded manifest → backups/db/2026-07-16/manifest_2026-07-16_000006.json
[2026-07-16 00:00:12 UTC]   Updated backups/db/latest.json pointer
[2026-07-16 00:00:12 UTC] ============================================================
[2026-07-16 00:00:12 UTC] ✅ BACKUP SUCCESSFUL
[2026-07-16 00:00:12 UTC]    Timestamp : 2026-07-16_000006
[2026-07-16 00:00:12 UTC]    Tables    : rooms(16), customers(83), bookings(181), documents(149)
[2026-07-16 00:00:12 UTC]    Total rows: 429
[2026-07-16 00:00:12 UTC]    R2 prefix : backups/db/2026-07-16/
[2026-07-16 00:00:12 UTC] ============================================================
[2026-07-16 00:00:05 UTC] ============================================================
[2026-07-16 00:00:05 UTC] Hotel Santosh — Database Backup Starting (host: vmi3271961)
[2026-07-16 00:00:05 UTC] ============================================================
[2026-07-16 00:00:05 UTC] Connecting to Supabase...
[2026-07-16 00:00:05 UTC] Connecting to Cloudflare R2...
[2026-07-16 00:00:06 UTC] Phase 1: Fetching all tables from Supabase...
[2026-07-16 00:00:06 UTC]   Fetching rooms...
[2026-07-16 00:00:07 UTC]   ✓ rooms: 16 rows fetched
[2026-07-16 00:00:07 UTC]   Fetching customers...
[2026-07-16 00:00:07 UTC]   ✓ customers: 83 rows fetched
[2026-07-16 00:00:07 UTC]   Fetching bookings...
[2026-07-16 00:00:07 UTC]   ✓ bookings: 181 rows fetched
[2026-07-16 00:00:07 UTC]   Fetching documents...
[2026-07-16 00:00:07 UTC]   ✓ documents: 149 rows fetched
[2026-07-16 00:00:07 UTC] Verifying row counts against live Supabase...
[2026-07-16 00:00:07 UTC]   ✓ rooms: 16 rows — matches Supabase
[2026-07-16 00:00:07 UTC]   ✓ customers: 83 rows — matches Supabase
[2026-07-16 00:00:07 UTC]   ✓ bookings: 181 rows — matches Supabase
[2026-07-16 00:00:07 UTC]   ✓ documents: 149 rows — matches Supabase
[2026-07-16 00:00:07 UTC] Phase 3: Uploading to Cloudflare R2...
[2026-07-16 00:00:08 UTC]   Uploaded backups/db/2026-07-16/rooms_2026-07-16_000006.json (5171 bytes)
[2026-07-16 00:00:08 UTC]   Uploaded backups/db/2026-07-16/customers_2026-07-16_000006.json (38329 bytes)
[2026-07-16 00:00:09 UTC]   Uploaded backups/db/2026-07-16/bookings_2026-07-16_000006.json (197332 bytes)
[2026-07-16 00:00:10 UTC]   Uploaded backups/db/2026-07-16/documents_2026-07-16_000006.json (65893 bytes)
[2026-07-16 00:00:10 UTC]   Uploaded schema → backups/db/2026-07-16/schema_2026-07-16_000006.sql
[2026-07-16 00:00:11 UTC]   Uploaded manifest → backups/db/2026-07-16/manifest_2026-07-16_000006.json
[2026-07-16 00:00:12 UTC]   Updated backups/db/latest.json pointer
[2026-07-16 00:00:12 UTC] ============================================================
[2026-07-16 00:00:12 UTC] ✅ BACKUP SUCCESSFUL
[2026-07-16 00:00:12 UTC]    Timestamp : 2026-07-16_000006
[2026-07-16 00:00:12 UTC]    Tables    : rooms(16), customers(83), bookings(181), documents(149)
[2026-07-16 00:00:12 UTC]    Total rows: 429
[2026-07-16 00:00:12 UTC]    R2 prefix : backups/db/2026-07-16/
[2026-07-16 00:00:12 UTC] ============================================================
=== Backup completed successfully at Thu Jul 16 02:00:12 CEST 2026 ===
=== Backup started at Fri Jul 17 02:00:01 CEST 2026 ===
[2026-07-17 00:00:05 UTC] ============================================================
[2026-07-17 00:00:05 UTC] Hotel Santosh — Database Backup Starting (host: vmi3271961)
[2026-07-17 00:00:05 UTC] ============================================================
[2026-07-17 00:00:05 UTC] Connecting to Supabase...
[2026-07-17 00:00:05 UTC] Connecting to Cloudflare R2...
[2026-07-17 00:00:06 UTC] Phase 1: Fetching all tables from Supabase...
[2026-07-17 00:00:06 UTC]   Fetching rooms...
[2026-07-17 00:00:07 UTC]   ✓ rooms: 16 rows fetched
[2026-07-17 00:00:07 UTC]   Fetching customers...
[2026-07-17 00:00:07 UTC]   ✓ customers: 91 rows fetched
[2026-07-17 00:00:07 UTC]   Fetching bookings...
[2026-07-17 00:00:07 UTC]   ✓ bookings: 194 rows fetched
[2026-07-17 00:00:07 UTC]   Fetching documents...
[2026-07-17 00:00:07 UTC]   ✓ documents: 165 rows fetched
[2026-07-17 00:00:07 UTC] Verifying row counts against live Supabase...
[2026-07-17 00:00:07 UTC]   ✓ rooms: 16 rows — matches Supabase
[2026-07-17 00:00:07 UTC]   ✓ customers: 91 rows — matches Supabase
[2026-07-17 00:00:07 UTC]   ✓ bookings: 194 rows — matches Supabase
[2026-07-17 00:00:07 UTC]   ✓ documents: 165 rows — matches Supabase
[2026-07-17 00:00:07 UTC] Phase 3: Uploading to Cloudflare R2...
[2026-07-17 00:00:08 UTC]   Uploaded backups/db/2026-07-17/rooms_2026-07-17_000006.json (5171 bytes)
[2026-07-17 00:00:09 UTC]   Uploaded backups/db/2026-07-17/customers_2026-07-17_000006.json (42485 bytes)
[2026-07-17 00:00:09 UTC]   Uploaded backups/db/2026-07-17/bookings_2026-07-17_000006.json (211441 bytes)
[2026-07-17 00:00:10 UTC]   Uploaded backups/db/2026-07-17/documents_2026-07-17_000006.json (72931 bytes)
[2026-07-17 00:00:10 UTC]   Uploaded schema → backups/db/2026-07-17/schema_2026-07-17_000006.sql
[2026-07-17 00:00:11 UTC]   Uploaded manifest → backups/db/2026-07-17/manifest_2026-07-17_000006.json
[2026-07-17 00:00:11 UTC]   Updated backups/db/latest.json pointer
[2026-07-17 00:00:11 UTC] ============================================================
[2026-07-17 00:00:11 UTC] ✅ BACKUP SUCCESSFUL
[2026-07-17 00:00:11 UTC]    Timestamp : 2026-07-17_000006
[2026-07-17 00:00:11 UTC]    Tables    : rooms(16), customers(91), bookings(194), documents(165)
[2026-07-17 00:00:11 UTC]    Total rows: 466
[2026-07-17 00:00:11 UTC]    R2 prefix : backups/db/2026-07-17/
[2026-07-17 00:00:11 UTC] ============================================================
[2026-07-17 00:00:05 UTC] ============================================================
[2026-07-17 00:00:05 UTC] Hotel Santosh — Database Backup Starting (host: vmi3271961)
[2026-07-17 00:00:05 UTC] ============================================================
[2026-07-17 00:00:05 UTC] Connecting to Supabase...
[2026-07-17 00:00:05 UTC] Connecting to Cloudflare R2...
[2026-07-17 00:00:06 UTC] Phase 1: Fetching all tables from Supabase...
[2026-07-17 00:00:06 UTC]   Fetching rooms...
[2026-07-17 00:00:07 UTC]   ✓ rooms: 16 rows fetched
[2026-07-17 00:00:07 UTC]   Fetching customers...
[2026-07-17 00:00:07 UTC]   ✓ customers: 91 rows fetched
[2026-07-17 00:00:07 UTC]   Fetching bookings...
[2026-07-17 00:00:07 UTC]   ✓ bookings: 194 rows fetched
[2026-07-17 00:00:07 UTC]   Fetching documents...
[2026-07-17 00:00:07 UTC]   ✓ documents: 165 rows fetched
[2026-07-17 00:00:07 UTC] Verifying row counts against live Supabase...
[2026-07-17 00:00:07 UTC]   ✓ rooms: 16 rows — matches Supabase
[2026-07-17 00:00:07 UTC]   ✓ customers: 91 rows — matches Supabase
[2026-07-17 00:00:07 UTC]   ✓ bookings: 194 rows — matches Supabase
[2026-07-17 00:00:07 UTC]   ✓ documents: 165 rows — matches Supabase
[2026-07-17 00:00:07 UTC] Phase 3: Uploading to Cloudflare R2...
[2026-07-17 00:00:08 UTC]   Uploaded backups/db/2026-07-17/rooms_2026-07-17_000006.json (5171 bytes)
[2026-07-17 00:00:09 UTC]   Uploaded backups/db/2026-07-17/customers_2026-07-17_000006.json (42485 bytes)
[2026-07-17 00:00:09 UTC]   Uploaded backups/db/2026-07-17/bookings_2026-07-17_000006.json (211441 bytes)
[2026-07-17 00:00:10 UTC]   Uploaded backups/db/2026-07-17/documents_2026-07-17_000006.json (72931 bytes)
[2026-07-17 00:00:10 UTC]   Uploaded schema → backups/db/2026-07-17/schema_2026-07-17_000006.sql
[2026-07-17 00:00:11 UTC]   Uploaded manifest → backups/db/2026-07-17/manifest_2026-07-17_000006.json
[2026-07-17 00:00:11 UTC]   Updated backups/db/latest.json pointer
[2026-07-17 00:00:11 UTC] ============================================================
[2026-07-17 00:00:11 UTC] ✅ BACKUP SUCCESSFUL
[2026-07-17 00:00:11 UTC]    Timestamp : 2026-07-17_000006
[2026-07-17 00:00:11 UTC]    Tables    : rooms(16), customers(91), bookings(194), documents(165)
[2026-07-17 00:00:11 UTC]    Total rows: 466
[2026-07-17 00:00:11 UTC]    R2 prefix : backups/db/2026-07-17/
[2026-07-17 00:00:11 UTC] ============================================================
=== Backup completed successfully at Fri Jul 17 02:00:11 CEST 2026 ===
=== Backup started at Sat Jul 18 02:00:01 CEST 2026 ===
[2026-07-18 00:00:05 UTC] ============================================================
[2026-07-18 00:00:05 UTC] Hotel Santosh — Database Backup Starting (host: vmi3271961)
[2026-07-18 00:00:05 UTC] ============================================================
[2026-07-18 00:00:05 UTC] Connecting to Supabase...
[2026-07-18 00:00:05 UTC] Connecting to Cloudflare R2...
[2026-07-18 00:00:06 UTC] Phase 1: Fetching all tables from Supabase...
[2026-07-18 00:00:06 UTC]   Fetching rooms...
[2026-07-18 00:00:07 UTC]   ✓ rooms: 16 rows fetched
[2026-07-18 00:00:07 UTC]   Fetching customers...
[2026-07-18 00:00:07 UTC]   ✓ customers: 96 rows fetched
[2026-07-18 00:00:07 UTC]   Fetching bookings...
[2026-07-18 00:00:08 UTC]   ✓ bookings: 208 rows fetched
[2026-07-18 00:00:08 UTC]   Fetching documents...
[2026-07-18 00:00:08 UTC]   ✓ documents: 175 rows fetched
[2026-07-18 00:00:08 UTC] Verifying row counts against live Supabase...
[2026-07-18 00:00:08 UTC]   ✓ rooms: 16 rows — matches Supabase
[2026-07-18 00:00:08 UTC]   ✓ customers: 96 rows — matches Supabase
[2026-07-18 00:00:08 UTC]   ✓ bookings: 208 rows — matches Supabase
[2026-07-18 00:00:08 UTC]   ✓ documents: 175 rows — matches Supabase
[2026-07-18 00:00:08 UTC] Phase 3: Uploading to Cloudflare R2...
[2026-07-18 00:00:09 UTC]   Uploaded backups/db/2026-07-18/rooms_2026-07-18_000006.json (5171 bytes)
[2026-07-18 00:00:09 UTC]   Uploaded backups/db/2026-07-18/customers_2026-07-18_000006.json (44994 bytes)
[2026-07-18 00:00:10 UTC]   Uploaded backups/db/2026-07-18/bookings_2026-07-18_000006.json (226730 bytes)
[2026-07-18 00:00:10 UTC]   Uploaded backups/db/2026-07-18/documents_2026-07-18_000006.json (77331 bytes)
[2026-07-18 00:00:11 UTC]   Uploaded schema → backups/db/2026-07-18/schema_2026-07-18_000006.sql
[2026-07-18 00:00:11 UTC]   Uploaded manifest → backups/db/2026-07-18/manifest_2026-07-18_000006.json
[2026-07-18 00:00:11 UTC]   Updated backups/db/latest.json pointer
[2026-07-18 00:00:11 UTC] ============================================================
[2026-07-18 00:00:11 UTC] ✅ BACKUP SUCCESSFUL
[2026-07-18 00:00:11 UTC]    Timestamp : 2026-07-18_000006
[2026-07-18 00:00:11 UTC]    Tables    : rooms(16), customers(96), bookings(208), documents(175)
[2026-07-18 00:00:11 UTC]    Total rows: 495
[2026-07-18 00:00:11 UTC]    R2 prefix : backups/db/2026-07-18/
[2026-07-18 00:00:11 UTC] ============================================================
[2026-07-18 00:00:05 UTC] ============================================================
[2026-07-18 00:00:05 UTC] Hotel Santosh — Database Backup Starting (host: vmi3271961)
[2026-07-18 00:00:05 UTC] ============================================================
[2026-07-18 00:00:05 UTC] Connecting to Supabase...
[2026-07-18 00:00:05 UTC] Connecting to Cloudflare R2...
[2026-07-18 00:00:06 UTC] Phase 1: Fetching all tables from Supabase...
[2026-07-18 00:00:06 UTC]   Fetching rooms...
[2026-07-18 00:00:07 UTC]   ✓ rooms: 16 rows fetched
[2026-07-18 00:00:07 UTC]   Fetching customers...
[2026-07-18 00:00:07 UTC]   ✓ customers: 96 rows fetched
[2026-07-18 00:00:07 UTC]   Fetching bookings...
[2026-07-18 00:00:08 UTC]   ✓ bookings: 208 rows fetched
[2026-07-18 00:00:08 UTC]   Fetching documents...
[2026-07-18 00:00:08 UTC]   ✓ documents: 175 rows fetched
[2026-07-18 00:00:08 UTC] Verifying row counts against live Supabase...
[2026-07-18 00:00:08 UTC]   ✓ rooms: 16 rows — matches Supabase
[2026-07-18 00:00:08 UTC]   ✓ customers: 96 rows — matches Supabase
[2026-07-18 00:00:08 UTC]   ✓ bookings: 208 rows — matches Supabase
[2026-07-18 00:00:08 UTC]   ✓ documents: 175 rows — matches Supabase
[2026-07-18 00:00:08 UTC] Phase 3: Uploading to Cloudflare R2...
[2026-07-18 00:00:09 UTC]   Uploaded backups/db/2026-07-18/rooms_2026-07-18_000006.json (5171 bytes)
[2026-07-18 00:00:09 UTC]   Uploaded backups/db/2026-07-18/customers_2026-07-18_000006.json (44994 bytes)
[2026-07-18 00:00:10 UTC]   Uploaded backups/db/2026-07-18/bookings_2026-07-18_000006.json (226730 bytes)
[2026-07-18 00:00:10 UTC]   Uploaded backups/db/2026-07-18/documents_2026-07-18_000006.json (77331 bytes)
[2026-07-18 00:00:11 UTC]   Uploaded schema → backups/db/2026-07-18/schema_2026-07-18_000006.sql
[2026-07-18 00:00:11 UTC]   Uploaded manifest → backups/db/2026-07-18/manifest_2026-07-18_000006.json
[2026-07-18 00:00:11 UTC]   Updated backups/db/latest.json pointer
[2026-07-18 00:00:11 UTC] ============================================================
[2026-07-18 00:00:11 UTC] ✅ BACKUP SUCCESSFUL
[2026-07-18 00:00:11 UTC]    Timestamp : 2026-07-18_000006
[2026-07-18 00:00:11 UTC]    Tables    : rooms(16), customers(96), bookings(208), documents(175)
[2026-07-18 00:00:11 UTC]    Total rows: 495
[2026-07-18 00:00:11 UTC]    R2 prefix : backups/db/2026-07-18/
[2026-07-18 00:00:11 UTC] ============================================================
=== Backup completed successfully at Sat Jul 18 02:00:12 CEST 2026 ===
=== Backup started at Sun Jul 19 02:00:01 CEST 2026 ===
[2026-07-19 00:00:05 UTC] ============================================================
[2026-07-19 00:00:05 UTC] Hotel Santosh — Database Backup Starting (host: vmi3271961)
[2026-07-19 00:00:05 UTC] ============================================================
[2026-07-19 00:00:05 UTC] Connecting to Supabase...
[2026-07-19 00:00:05 UTC] Connecting to Cloudflare R2...
[2026-07-19 00:00:06 UTC] Phase 1: Fetching all tables from Supabase...
[2026-07-19 00:00:06 UTC]   Fetching rooms...
[2026-07-19 00:00:07 UTC]   ✓ rooms: 16 rows fetched
[2026-07-19 00:00:07 UTC]   Fetching customers...
[2026-07-19 00:00:07 UTC]   ✓ customers: 100 rows fetched
[2026-07-19 00:00:07 UTC]   Fetching bookings...
[2026-07-19 00:00:07 UTC]   ✓ bookings: 224 rows fetched
[2026-07-19 00:00:07 UTC]   Fetching documents...
[2026-07-19 00:00:08 UTC]   ✓ documents: 183 rows fetched
[2026-07-19 00:00:08 UTC] Verifying row counts against live Supabase...
[2026-07-19 00:00:08 UTC]   ✓ rooms: 16 rows — matches Supabase
[2026-07-19 00:00:08 UTC]   ✓ customers: 100 rows — matches Supabase
[2026-07-19 00:00:08 UTC]   ✓ bookings: 224 rows — matches Supabase
[2026-07-19 00:00:08 UTC]   ✓ documents: 183 rows — matches Supabase
[2026-07-19 00:00:08 UTC] Phase 3: Uploading to Cloudflare R2...
[2026-07-19 00:00:09 UTC]   Uploaded backups/db/2026-07-19/rooms_2026-07-19_000006.json (5171 bytes)
[2026-07-19 00:00:10 UTC]   Uploaded backups/db/2026-07-19/customers_2026-07-19_000006.json (46957 bytes)
[2026-07-19 00:00:10 UTC]   Uploaded backups/db/2026-07-19/bookings_2026-07-19_000006.json (244281 bytes)
[2026-07-19 00:00:11 UTC]   Uploaded backups/db/2026-07-19/documents_2026-07-19_000006.json (80850 bytes)
[2026-07-19 00:00:12 UTC]   Uploaded schema → backups/db/2026-07-19/schema_2026-07-19_000006.sql
[2026-07-19 00:00:12 UTC]   Uploaded manifest → backups/db/2026-07-19/manifest_2026-07-19_000006.json
[2026-07-19 00:00:13 UTC]   Updated backups/db/latest.json pointer
[2026-07-19 00:00:13 UTC] ============================================================
[2026-07-19 00:00:13 UTC] ✅ BACKUP SUCCESSFUL
[2026-07-19 00:00:13 UTC]    Timestamp : 2026-07-19_000006
[2026-07-19 00:00:13 UTC]    Tables    : rooms(16), customers(100), bookings(224), documents(183)
[2026-07-19 00:00:13 UTC]    Total rows: 523
[2026-07-19 00:00:13 UTC]    R2 prefix : backups/db/2026-07-19/
[2026-07-19 00:00:13 UTC] ============================================================
[2026-07-19 00:00:05 UTC] ============================================================
[2026-07-19 00:00:05 UTC] Hotel Santosh — Database Backup Starting (host: vmi3271961)
[2026-07-19 00:00:05 UTC] ============================================================
[2026-07-19 00:00:05 UTC] Connecting to Supabase...
[2026-07-19 00:00:05 UTC] Connecting to Cloudflare R2...
[2026-07-19 00:00:06 UTC] Phase 1: Fetching all tables from Supabase...
[2026-07-19 00:00:06 UTC]   Fetching rooms...
[2026-07-19 00:00:07 UTC]   ✓ rooms: 16 rows fetched
[2026-07-19 00:00:07 UTC]   Fetching customers...
[2026-07-19 00:00:07 UTC]   ✓ customers: 100 rows fetched
[2026-07-19 00:00:07 UTC]   Fetching bookings...
[2026-07-19 00:00:07 UTC]   ✓ bookings: 224 rows fetched
[2026-07-19 00:00:07 UTC]   Fetching documents...
[2026-07-19 00:00:08 UTC]   ✓ documents: 183 rows fetched
[2026-07-19 00:00:08 UTC] Verifying row counts against live Supabase...
[2026-07-19 00:00:08 UTC]   ✓ rooms: 16 rows — matches Supabase
[2026-07-19 00:00:08 UTC]   ✓ customers: 100 rows — matches Supabase
[2026-07-19 00:00:08 UTC]   ✓ bookings: 224 rows — matches Supabase
[2026-07-19 00:00:08 UTC]   ✓ documents: 183 rows — matches Supabase
[2026-07-19 00:00:08 UTC] Phase 3: Uploading to Cloudflare R2...
[2026-07-19 00:00:09 UTC]   Uploaded backups/db/2026-07-19/rooms_2026-07-19_000006.json (5171 bytes)
[2026-07-19 00:00:10 UTC]   Uploaded backups/db/2026-07-19/customers_2026-07-19_000006.json (46957 bytes)
[2026-07-19 00:00:10 UTC]   Uploaded backups/db/2026-07-19/bookings_2026-07-19_000006.json (244281 bytes)
[2026-07-19 00:00:11 UTC]   Uploaded backups/db/2026-07-19/documents_2026-07-19_000006.json (80850 bytes)
[2026-07-19 00:00:12 UTC]   Uploaded schema → backups/db/2026-07-19/schema_2026-07-19_000006.sql
[2026-07-19 00:00:12 UTC]   Uploaded manifest → backups/db/2026-07-19/manifest_2026-07-19_000006.json
[2026-07-19 00:00:13 UTC]   Updated backups/db/latest.json pointer
[2026-07-19 00:00:13 UTC] ============================================================
[2026-07-19 00:00:13 UTC] ✅ BACKUP SUCCESSFUL
[2026-07-19 00:00:13 UTC]    Timestamp : 2026-07-19_000006
[2026-07-19 00:00:13 UTC]    Tables    : rooms(16), customers(100), bookings(224), documents(183)
[2026-07-19 00:00:13 UTC]    Total rows: 523
[2026-07-19 00:00:13 UTC]    R2 prefix : backups/db/2026-07-19/
[2026-07-19 00:00:13 UTC] ============================================================
=== Backup completed successfully at Sun Jul 19 02:00:13 CEST 2026 ===
=== Backup started at Mon Jul 20 02:00:01 CEST 2026 ===
[2026-07-20 00:00:03 UTC] ============================================================
[2026-07-20 00:00:03 UTC] Hotel Santosh — Database Backup Starting (host: vmi3271961)
[2026-07-20 00:00:03 UTC] ============================================================
[2026-07-20 00:00:03 UTC] Connecting to Supabase...
[2026-07-20 00:00:04 UTC] Connecting to Cloudflare R2...
[2026-07-20 00:00:05 UTC] Phase 1: Fetching all tables from Supabase...
[2026-07-20 00:00:05 UTC]   Fetching rooms...
[2026-07-20 00:00:06 UTC]   ✓ rooms: 16 rows fetched
[2026-07-20 00:00:06 UTC]   Fetching customers...
[2026-07-20 00:00:06 UTC]   ✓ customers: 104 rows fetched
[2026-07-20 00:00:06 UTC]   Fetching bookings...
[2026-07-20 00:00:06 UTC]   ✓ bookings: 234 rows fetched
[2026-07-20 00:00:06 UTC]   Fetching documents...
[2026-07-20 00:00:06 UTC]   ✓ documents: 191 rows fetched
[2026-07-20 00:00:06 UTC] Verifying row counts against live Supabase...
[2026-07-20 00:00:06 UTC]   ✓ rooms: 16 rows — matches Supabase
[2026-07-20 00:00:06 UTC]   ✓ customers: 104 rows — matches Supabase
[2026-07-20 00:00:06 UTC]   ✓ bookings: 234 rows — matches Supabase
[2026-07-20 00:00:06 UTC]   ✓ documents: 191 rows — matches Supabase
[2026-07-20 00:00:06 UTC] Phase 3: Uploading to Cloudflare R2...
[2026-07-20 00:00:07 UTC]   Uploaded backups/db/2026-07-20/rooms_2026-07-20_000005.json (5171 bytes)
[2026-07-20 00:00:07 UTC]   Uploaded backups/db/2026-07-20/customers_2026-07-20_000005.json (48780 bytes)
[2026-07-20 00:00:08 UTC]   Uploaded backups/db/2026-07-20/bookings_2026-07-20_000005.json (255355 bytes)
[2026-07-20 00:00:09 UTC]   Uploaded backups/db/2026-07-20/documents_2026-07-20_000005.json (84369 bytes)
[2026-07-20 00:00:10 UTC]   Uploaded schema → backups/db/2026-07-20/schema_2026-07-20_000005.sql
[2026-07-20 00:00:11 UTC]   Uploaded manifest → backups/db/2026-07-20/manifest_2026-07-20_000005.json
[2026-07-20 00:00:11 UTC]   Updated backups/db/latest.json pointer
[2026-07-20 00:00:11 UTC] ============================================================
[2026-07-20 00:00:11 UTC] ✅ BACKUP SUCCESSFUL
[2026-07-20 00:00:11 UTC]    Timestamp : 2026-07-20_000005
[2026-07-20 00:00:11 UTC]    Tables    : rooms(16), customers(104), bookings(234), documents(191)
[2026-07-20 00:00:11 UTC]    Total rows: 545
[2026-07-20 00:00:11 UTC]    R2 prefix : backups/db/2026-07-20/
[2026-07-20 00:00:11 UTC] ============================================================
[2026-07-20 00:00:03 UTC] ============================================================
[2026-07-20 00:00:03 UTC] Hotel Santosh — Database Backup Starting (host: vmi3271961)
[2026-07-20 00:00:03 UTC] ============================================================
[2026-07-20 00:00:03 UTC] Connecting to Supabase...
[2026-07-20 00:00:04 UTC] Connecting to Cloudflare R2...
[2026-07-20 00:00:05 UTC] Phase 1: Fetching all tables from Supabase...
[2026-07-20 00:00:05 UTC]   Fetching rooms...
[2026-07-20 00:00:06 UTC]   ✓ rooms: 16 rows fetched
[2026-07-20 00:00:06 UTC]   Fetching customers...
[2026-07-20 00:00:06 UTC]   ✓ customers: 104 rows fetched
[2026-07-20 00:00:06 UTC]   Fetching bookings...
[2026-07-20 00:00:06 UTC]   ✓ bookings: 234 rows fetched
[2026-07-20 00:00:06 UTC]   Fetching documents...
[2026-07-20 00:00:06 UTC]   ✓ documents: 191 rows fetched
[2026-07-20 00:00:06 UTC] Verifying row counts against live Supabase...
[2026-07-20 00:00:06 UTC]   ✓ rooms: 16 rows — matches Supabase
[2026-07-20 00:00:06 UTC]   ✓ customers: 104 rows — matches Supabase
[2026-07-20 00:00:06 UTC]   ✓ bookings: 234 rows — matches Supabase
[2026-07-20 00:00:06 UTC]   ✓ documents: 191 rows — matches Supabase
[2026-07-20 00:00:06 UTC] Phase 3: Uploading to Cloudflare R2...
[2026-07-20 00:00:07 UTC]   Uploaded backups/db/2026-07-20/rooms_2026-07-20_000005.json (5171 bytes)
[2026-07-20 00:00:07 UTC]   Uploaded backups/db/2026-07-20/customers_2026-07-20_000005.json (48780 bytes)
[2026-07-20 00:00:08 UTC]   Uploaded backups/db/2026-07-20/bookings_2026-07-20_000005.json (255355 bytes)
[2026-07-20 00:00:09 UTC]   Uploaded backups/db/2026-07-20/documents_2026-07-20_000005.json (84369 bytes)
[2026-07-20 00:00:10 UTC]   Uploaded schema → backups/db/2026-07-20/schema_2026-07-20_000005.sql
[2026-07-20 00:00:11 UTC]   Uploaded manifest → backups/db/2026-07-20/manifest_2026-07-20_000005.json
[2026-07-20 00:00:11 UTC]   Updated backups/db/latest.json pointer
[2026-07-20 00:00:11 UTC] ============================================================
[2026-07-20 00:00:11 UTC] ✅ BACKUP SUCCESSFUL
[2026-07-20 00:00:11 UTC]    Timestamp : 2026-07-20_000005
[2026-07-20 00:00:11 UTC]    Tables    : rooms(16), customers(104), bookings(234), documents(191)
[2026-07-20 00:00:11 UTC]    Total rows: 545
[2026-07-20 00:00:11 UTC]    R2 prefix : backups/db/2026-07-20/
[2026-07-20 00:00:11 UTC] ============================================================
=== Backup completed successfully at Mon Jul 20 02:00:12 CEST 2026 ===
=== Backup started at Tue Jul 21 02:00:01 CEST 2026 ===
[2026-07-21 00:00:05 UTC] ============================================================
[2026-07-21 00:00:05 UTC] Hotel Santosh — Database Backup Starting (host: vmi3271961)
[2026-07-21 00:00:05 UTC] ============================================================
[2026-07-21 00:00:05 UTC] Connecting to Supabase...
[2026-07-21 00:00:05 UTC] Connecting to Cloudflare R2...
[2026-07-21 00:00:06 UTC] Phase 1: Fetching all tables from Supabase...
[2026-07-21 00:00:06 UTC]   Fetching rooms...
[2026-07-21 00:00:07 UTC]   ✓ rooms: 16 rows fetched
[2026-07-21 00:00:07 UTC]   Fetching customers...
[2026-07-21 00:00:07 UTC]   ✓ customers: 106 rows fetched
[2026-07-21 00:00:07 UTC]   Fetching bookings...
[2026-07-21 00:00:07 UTC]   ✓ bookings: 245 rows fetched
[2026-07-21 00:00:07 UTC]   Fetching documents...
[2026-07-21 00:00:07 UTC]   ✓ documents: 194 rows fetched
[2026-07-21 00:00:07 UTC] Verifying row counts against live Supabase...
[2026-07-21 00:00:07 UTC]   ✓ rooms: 16 rows — matches Supabase
[2026-07-21 00:00:08 UTC]   ✓ customers: 106 rows — matches Supabase
[2026-07-21 00:00:08 UTC]   ✓ bookings: 245 rows — matches Supabase
[2026-07-21 00:00:08 UTC]   ✓ documents: 194 rows — matches Supabase
[2026-07-21 00:00:08 UTC] Phase 3: Uploading to Cloudflare R2...
[2026-07-21 00:00:09 UTC]   Uploaded backups/db/2026-07-21/rooms_2026-07-21_000006.json (5171 bytes)
[2026-07-21 00:00:09 UTC]   Uploaded backups/db/2026-07-21/customers_2026-07-21_000006.json (49736 bytes)
[2026-07-21 00:00:10 UTC]   Uploaded backups/db/2026-07-21/bookings_2026-07-21_000006.json (267330 bytes)
[2026-07-21 00:00:10 UTC]   Uploaded backups/db/2026-07-21/documents_2026-07-21_000006.json (85689 bytes)
[2026-07-21 00:00:10 UTC]   Uploaded schema → backups/db/2026-07-21/schema_2026-07-21_000006.sql
[2026-07-21 00:00:11 UTC]   Uploaded manifest → backups/db/2026-07-21/manifest_2026-07-21_000006.json
[2026-07-21 00:00:11 UTC]   Updated backups/db/latest.json pointer
[2026-07-21 00:00:11 UTC] ============================================================
[2026-07-21 00:00:11 UTC] ✅ BACKUP SUCCESSFUL
[2026-07-21 00:00:11 UTC]    Timestamp : 2026-07-21_000006
[2026-07-21 00:00:11 UTC]    Tables    : rooms(16), customers(106), bookings(245), documents(194)
[2026-07-21 00:00:11 UTC]    Total rows: 561
[2026-07-21 00:00:11 UTC]    R2 prefix : backups/db/2026-07-21/
[2026-07-21 00:00:11 UTC] ============================================================
[2026-07-21 00:00:05 UTC] ============================================================
[2026-07-21 00:00:05 UTC] Hotel Santosh — Database Backup Starting (host: vmi3271961)
[2026-07-21 00:00:05 UTC] ============================================================
[2026-07-21 00:00:05 UTC] Connecting to Supabase...
[2026-07-21 00:00:05 UTC] Connecting to Cloudflare R2...
[2026-07-21 00:00:06 UTC] Phase 1: Fetching all tables from Supabase...
[2026-07-21 00:00:06 UTC]   Fetching rooms...
[2026-07-21 00:00:07 UTC]   ✓ rooms: 16 rows fetched
[2026-07-21 00:00:07 UTC]   Fetching customers...
[2026-07-21 00:00:07 UTC]   ✓ customers: 106 rows fetched
[2026-07-21 00:00:07 UTC]   Fetching bookings...
[2026-07-21 00:00:07 UTC]   ✓ bookings: 245 rows fetched
[2026-07-21 00:00:07 UTC]   Fetching documents...
[2026-07-21 00:00:07 UTC]   ✓ documents: 194 rows fetched
[2026-07-21 00:00:07 UTC] Verifying row counts against live Supabase...
[2026-07-21 00:00:07 UTC]   ✓ rooms: 16 rows — matches Supabase
[2026-07-21 00:00:08 UTC]   ✓ customers: 106 rows — matches Supabase
[2026-07-21 00:00:08 UTC]   ✓ bookings: 245 rows — matches Supabase
[2026-07-21 00:00:08 UTC]   ✓ documents: 194 rows — matches Supabase
[2026-07-21 00:00:08 UTC] Phase 3: Uploading to Cloudflare R2...
[2026-07-21 00:00:09 UTC]   Uploaded backups/db/2026-07-21/rooms_2026-07-21_000006.json (5171 bytes)
[2026-07-21 00:00:09 UTC]   Uploaded backups/db/2026-07-21/customers_2026-07-21_000006.json (49736 bytes)
[2026-07-21 00:00:10 UTC]   Uploaded backups/db/2026-07-21/bookings_2026-07-21_000006.json (267330 bytes)
[2026-07-21 00:00:10 UTC]   Uploaded backups/db/2026-07-21/documents_2026-07-21_000006.json (85689 bytes)
[2026-07-21 00:00:10 UTC]   Uploaded schema → backups/db/2026-07-21/schema_2026-07-21_000006.sql
[2026-07-21 00:00:11 UTC]   Uploaded manifest → backups/db/2026-07-21/manifest_2026-07-21_000006.json
[2026-07-21 00:00:11 UTC]   Updated backups/db/latest.json pointer
[2026-07-21 00:00:11 UTC] ============================================================
[2026-07-21 00:00:11 UTC] ✅ BACKUP SUCCESSFUL
[2026-07-21 00:00:11 UTC]    Timestamp : 2026-07-21_000006
[2026-07-21 00:00:11 UTC]    Tables    : rooms(16), customers(106), bookings(245), documents(194)
[2026-07-21 00:00:11 UTC]    Total rows: 561
[2026-07-21 00:00:11 UTC]    R2 prefix : backups/db/2026-07-21/
[2026-07-21 00:00:11 UTC] ============================================================
=== Backup completed successfully at Tue Jul 21 02:00:12 CEST 2026 ===
=== Backup started at Wed Jul 22 02:00:01 CEST 2026 ===
[2026-07-22 00:00:04 UTC] ============================================================
[2026-07-22 00:00:04 UTC] Hotel Santosh — Database Backup Starting (host: vmi3271961)
[2026-07-22 00:00:04 UTC] ============================================================
[2026-07-22 00:00:04 UTC] Connecting to Supabase...
[2026-07-22 00:00:04 UTC] Connecting to Cloudflare R2...
[2026-07-22 00:00:05 UTC] Phase 1: Fetching all tables from Supabase...
[2026-07-22 00:00:05 UTC]   Fetching rooms...
[2026-07-22 00:00:06 UTC]   ✓ rooms: 16 rows fetched
[2026-07-22 00:00:06 UTC]   Fetching customers...
[2026-07-22 00:00:07 UTC]   ✓ customers: 110 rows fetched
[2026-07-22 00:00:07 UTC]   Fetching bookings...
[2026-07-22 00:00:07 UTC]   ✓ bookings: 255 rows fetched
[2026-07-22 00:00:07 UTC]   Fetching documents...
[2026-07-22 00:00:07 UTC]   ✓ documents: 202 rows fetched
[2026-07-22 00:00:07 UTC] Verifying row counts against live Supabase...
[2026-07-22 00:00:07 UTC]   ✓ rooms: 16 rows — matches Supabase
[2026-07-22 00:00:07 UTC]   ✓ customers: 110 rows — matches Supabase
[2026-07-22 00:00:07 UTC]   ✓ bookings: 255 rows — matches Supabase
[2026-07-22 00:00:07 UTC]   ✓ documents: 202 rows — matches Supabase
[2026-07-22 00:00:07 UTC] Phase 3: Uploading to Cloudflare R2...
[2026-07-22 00:00:08 UTC]   Uploaded backups/db/2026-07-22/rooms_2026-07-22_000005.json (5171 bytes)
[2026-07-22 00:00:09 UTC]   Uploaded backups/db/2026-07-22/customers_2026-07-22_000005.json (51781 bytes)
[2026-07-22 00:00:10 UTC]   Uploaded backups/db/2026-07-22/bookings_2026-07-22_000005.json (278296 bytes)
[2026-07-22 00:00:10 UTC]   Uploaded backups/db/2026-07-22/documents_2026-07-22_000005.json (89209 bytes)
[2026-07-22 00:00:11 UTC]   Uploaded schema → backups/db/2026-07-22/schema_2026-07-22_000005.sql
[2026-07-22 00:00:11 UTC]   Uploaded manifest → backups/db/2026-07-22/manifest_2026-07-22_000005.json
[2026-07-22 00:00:12 UTC]   Updated backups/db/latest.json pointer
[2026-07-22 00:00:12 UTC] ============================================================
[2026-07-22 00:00:12 UTC] ✅ BACKUP SUCCESSFUL
[2026-07-22 00:00:12 UTC]    Timestamp : 2026-07-22_000005
[2026-07-22 00:00:12 UTC]    Tables    : rooms(16), customers(110), bookings(255), documents(202)
[2026-07-22 00:00:12 UTC]    Total rows: 583
[2026-07-22 00:00:12 UTC]    R2 prefix : backups/db/2026-07-22/
[2026-07-22 00:00:12 UTC] ============================================================
[2026-07-22 00:00:04 UTC] ============================================================
[2026-07-22 00:00:04 UTC] Hotel Santosh — Database Backup Starting (host: vmi3271961)
[2026-07-22 00:00:04 UTC] ============================================================
[2026-07-22 00:00:04 UTC] Connecting to Supabase...
[2026-07-22 00:00:04 UTC] Connecting to Cloudflare R2...
[2026-07-22 00:00:05 UTC] Phase 1: Fetching all tables from Supabase...
[2026-07-22 00:00:05 UTC]   Fetching rooms...
[2026-07-22 00:00:06 UTC]   ✓ rooms: 16 rows fetched
[2026-07-22 00:00:06 UTC]   Fetching customers...
[2026-07-22 00:00:07 UTC]   ✓ customers: 110 rows fetched
[2026-07-22 00:00:07 UTC]   Fetching bookings...
[2026-07-22 00:00:07 UTC]   ✓ bookings: 255 rows fetched
[2026-07-22 00:00:07 UTC]   Fetching documents...
[2026-07-22 00:00:07 UTC]   ✓ documents: 202 rows fetched
[2026-07-22 00:00:07 UTC] Verifying row counts against live Supabase...
[2026-07-22 00:00:07 UTC]   ✓ rooms: 16 rows — matches Supabase
[2026-07-22 00:00:07 UTC]   ✓ customers: 110 rows — matches Supabase
[2026-07-22 00:00:07 UTC]   ✓ bookings: 255 rows — matches Supabase
[2026-07-22 00:00:07 UTC]   ✓ documents: 202 rows — matches Supabase
[2026-07-22 00:00:07 UTC] Phase 3: Uploading to Cloudflare R2...
[2026-07-22 00:00:08 UTC]   Uploaded backups/db/2026-07-22/rooms_2026-07-22_000005.json (5171 bytes)
[2026-07-22 00:00:09 UTC]   Uploaded backups/db/2026-07-22/customers_2026-07-22_000005.json (51781 bytes)
[2026-07-22 00:00:10 UTC]   Uploaded backups/db/2026-07-22/bookings_2026-07-22_000005.json (278296 bytes)
[2026-07-22 00:00:10 UTC]   Uploaded backups/db/2026-07-22/documents_2026-07-22_000005.json (89209 bytes)
[2026-07-22 00:00:11 UTC]   Uploaded schema → backups/db/2026-07-22/schema_2026-07-22_000005.sql
[2026-07-22 00:00:11 UTC]   Uploaded manifest → backups/db/2026-07-22/manifest_2026-07-22_000005.json
[2026-07-22 00:00:12 UTC]   Updated backups/db/latest.json pointer
[2026-07-22 00:00:12 UTC] ============================================================
[2026-07-22 00:00:12 UTC] ✅ BACKUP SUCCESSFUL
[2026-07-22 00:00:12 UTC]    Timestamp : 2026-07-22_000005
[2026-07-22 00:00:12 UTC]    Tables    : rooms(16), customers(110), bookings(255), documents(202)
[2026-07-22 00:00:12 UTC]    Total rows: 583
[2026-07-22 00:00:12 UTC]    R2 prefix : backups/db/2026-07-22/
[2026-07-22 00:00:12 UTC] ============================================================
=== Backup completed successfully at Wed Jul 22 02:00:12 CEST 2026 ===
=== Backup started at Thu Jul 23 02:00:01 CEST 2026 ===
[2026-07-23 00:00:06 UTC] ============================================================
[2026-07-23 00:00:06 UTC] Hotel Santosh — Database Backup Starting (host: vmi3271961)
[2026-07-23 00:00:06 UTC] ============================================================
[2026-07-23 00:00:06 UTC] Connecting to Supabase...
[2026-07-23 00:00:06 UTC] Connecting to Cloudflare R2...
[2026-07-23 00:00:07 UTC] Phase 1: Fetching all tables from Supabase...
[2026-07-23 00:00:07 UTC]   Fetching rooms...
[2026-07-23 00:00:08 UTC]   ✓ rooms: 16 rows fetched
[2026-07-23 00:00:08 UTC]   Fetching customers...
[2026-07-23 00:00:08 UTC]   ✓ customers: 116 rows fetched
[2026-07-23 00:00:08 UTC]   Fetching bookings...
[2026-07-23 00:00:09 UTC]   ✓ bookings: 269 rows fetched
[2026-07-23 00:00:09 UTC]   Fetching documents...
[2026-07-23 00:00:09 UTC]   ✓ documents: 212 rows fetched
[2026-07-23 00:00:09 UTC] Verifying row counts against live Supabase...
[2026-07-23 00:00:09 UTC]   ✓ rooms: 16 rows — matches Supabase
[2026-07-23 00:00:09 UTC]   ✓ customers: 116 rows — matches Supabase
[2026-07-23 00:00:09 UTC]   ✓ bookings: 269 rows — matches Supabase
[2026-07-23 00:00:09 UTC]   ✓ documents: 212 rows — matches Supabase
[2026-07-23 00:00:09 UTC] Phase 3: Uploading to Cloudflare R2...
[2026-07-23 00:00:10 UTC]   Uploaded backups/db/2026-07-23/rooms_2026-07-23_000007.json (5171 bytes)
[2026-07-23 00:00:10 UTC]   Uploaded backups/db/2026-07-23/customers_2026-07-23_000007.json (54749 bytes)
[2026-07-23 00:00:11 UTC]   Uploaded backups/db/2026-07-23/bookings_2026-07-23_000007.json (293310 bytes)
[2026-07-23 00:00:11 UTC]   Uploaded backups/db/2026-07-23/documents_2026-07-23_000007.json (93609 bytes)
[2026-07-23 00:00:12 UTC]   Uploaded schema → backups/db/2026-07-23/schema_2026-07-23_000007.sql
[2026-07-23 00:00:12 UTC]   Uploaded manifest → backups/db/2026-07-23/manifest_2026-07-23_000007.json
[2026-07-23 00:00:12 UTC]   Updated backups/db/latest.json pointer
[2026-07-23 00:00:12 UTC] ============================================================
[2026-07-23 00:00:12 UTC] ✅ BACKUP SUCCESSFUL
[2026-07-23 00:00:12 UTC]    Timestamp : 2026-07-23_000007
[2026-07-23 00:00:12 UTC]    Tables    : rooms(16), customers(116), bookings(269), documents(212)
[2026-07-23 00:00:12 UTC]    Total rows: 613
[2026-07-23 00:00:12 UTC]    R2 prefix : backups/db/2026-07-23/
[2026-07-23 00:00:12 UTC] ============================================================
[2026-07-23 00:00:06 UTC] ============================================================
[2026-07-23 00:00:06 UTC] Hotel Santosh — Database Backup Starting (host: vmi3271961)
[2026-07-23 00:00:06 UTC] ============================================================
[2026-07-23 00:00:06 UTC] Connecting to Supabase...
[2026-07-23 00:00:06 UTC] Connecting to Cloudflare R2...
[2026-07-23 00:00:07 UTC] Phase 1: Fetching all tables from Supabase...
[2026-07-23 00:00:07 UTC]   Fetching rooms...
[2026-07-23 00:00:08 UTC]   ✓ rooms: 16 rows fetched
[2026-07-23 00:00:08 UTC]   Fetching customers...
[2026-07-23 00:00:08 UTC]   ✓ customers: 116 rows fetched
[2026-07-23 00:00:08 UTC]   Fetching bookings...
[2026-07-23 00:00:09 UTC]   ✓ bookings: 269 rows fetched
[2026-07-23 00:00:09 UTC]   Fetching documents...
[2026-07-23 00:00:09 UTC]   ✓ documents: 212 rows fetched
[2026-07-23 00:00:09 UTC] Verifying row counts against live Supabase...
[2026-07-23 00:00:09 UTC]   ✓ rooms: 16 rows — matches Supabase
[2026-07-23 00:00:09 UTC]   ✓ customers: 116 rows — matches Supabase
[2026-07-23 00:00:09 UTC]   ✓ bookings: 269 rows — matches Supabase
[2026-07-23 00:00:09 UTC]   ✓ documents: 212 rows — matches Supabase
[2026-07-23 00:00:09 UTC] Phase 3: Uploading to Cloudflare R2...
[2026-07-23 00:00:10 UTC]   Uploaded backups/db/2026-07-23/rooms_2026-07-23_000007.json (5171 bytes)
[2026-07-23 00:00:10 UTC]   Uploaded backups/db/2026-07-23/customers_2026-07-23_000007.json (54749 bytes)
[2026-07-23 00:00:11 UTC]   Uploaded backups/db/2026-07-23/bookings_2026-07-23_000007.json (293310 bytes)
[2026-07-23 00:00:11 UTC]   Uploaded backups/db/2026-07-23/documents_2026-07-23_000007.json (93609 bytes)
[2026-07-23 00:00:12 UTC]   Uploaded schema → backups/db/2026-07-23/schema_2026-07-23_000007.sql
[2026-07-23 00:00:12 UTC]   Uploaded manifest → backups/db/2026-07-23/manifest_2026-07-23_000007.json
[2026-07-23 00:00:12 UTC]   Updated backups/db/latest.json pointer
[2026-07-23 00:00:12 UTC] ============================================================
[2026-07-23 00:00:12 UTC] ✅ BACKUP SUCCESSFUL
[2026-07-23 00:00:12 UTC]    Timestamp : 2026-07-23_000007
[2026-07-23 00:00:12 UTC]    Tables    : rooms(16), customers(116), bookings(269), documents(212)
[2026-07-23 00:00:12 UTC]    Total rows: 613
[2026-07-23 00:00:12 UTC]    R2 prefix : backups/db/2026-07-23/
[2026-07-23 00:00:12 UTC] ============================================================
=== Backup completed successfully at Thu Jul 23 02:00:13 CEST 2026 ===
=== Backup started at Fri Jul 24 02:00:01 CEST 2026 ===
[2026-07-24 00:00:03 UTC] ============================================================
[2026-07-24 00:00:03 UTC] Hotel Santosh — Database Backup Starting (host: vmi3271961)
[2026-07-24 00:00:03 UTC] ============================================================
[2026-07-24 00:00:03 UTC] Connecting to Supabase...
[2026-07-24 00:00:03 UTC] Connecting to Cloudflare R2...
[2026-07-24 00:00:04 UTC] Phase 1: Fetching all tables from Supabase...
[2026-07-24 00:00:04 UTC]   Fetching rooms...
[2026-07-24 00:00:05 UTC]   ✓ rooms: 16 rows fetched
[2026-07-24 00:00:05 UTC]   Fetching customers...
[2026-07-24 00:00:05 UTC]   ✓ customers: 118 rows fetched
[2026-07-24 00:00:05 UTC]   Fetching bookings...
[2026-07-24 00:00:05 UTC]   ✓ bookings: 279 rows fetched
[2026-07-24 00:00:05 UTC]   Fetching documents...
[2026-07-24 00:00:05 UTC]   ✓ documents: 216 rows fetched
[2026-07-24 00:00:05 UTC] Verifying row counts against live Supabase...
[2026-07-24 00:00:05 UTC]   ✓ rooms: 16 rows — matches Supabase
[2026-07-24 00:00:05 UTC]   ✓ customers: 118 rows — matches Supabase
[2026-07-24 00:00:05 UTC]   ✓ bookings: 279 rows — matches Supabase
[2026-07-24 00:00:05 UTC]   ✓ documents: 216 rows — matches Supabase
[2026-07-24 00:00:05 UTC] Phase 3: Uploading to Cloudflare R2...
[2026-07-24 00:00:06 UTC]   Uploaded backups/db/2026-07-24/rooms_2026-07-24_000004.json (5171 bytes)
[2026-07-24 00:00:07 UTC]   Uploaded backups/db/2026-07-24/customers_2026-07-24_000004.json (55738 bytes)
[2026-07-24 00:00:07 UTC]   Uploaded backups/db/2026-07-24/bookings_2026-07-24_000004.json (304469 bytes)
[2026-07-24 00:00:07 UTC]   Uploaded backups/db/2026-07-24/documents_2026-07-24_000004.json (95369 bytes)
[2026-07-24 00:00:08 UTC]   Uploaded schema → backups/db/2026-07-24/schema_2026-07-24_000004.sql
[2026-07-24 00:00:08 UTC]   Uploaded manifest → backups/db/2026-07-24/manifest_2026-07-24_000004.json
[2026-07-24 00:00:09 UTC]   Updated backups/db/latest.json pointer
[2026-07-24 00:00:09 UTC] ============================================================
[2026-07-24 00:00:09 UTC] ✅ BACKUP SUCCESSFUL
[2026-07-24 00:00:09 UTC]    Timestamp : 2026-07-24_000004
[2026-07-24 00:00:09 UTC]    Tables    : rooms(16), customers(118), bookings(279), documents(216)
[2026-07-24 00:00:09 UTC]    Total rows: 629
[2026-07-24 00:00:09 UTC]    R2 prefix : backups/db/2026-07-24/
[2026-07-24 00:00:09 UTC] ============================================================
[2026-07-24 00:00:03 UTC] ============================================================
[2026-07-24 00:00:03 UTC] Hotel Santosh — Database Backup Starting (host: vmi3271961)
[2026-07-24 00:00:03 UTC] ============================================================
[2026-07-24 00:00:03 UTC] Connecting to Supabase...
[2026-07-24 00:00:03 UTC] Connecting to Cloudflare R2...
[2026-07-24 00:00:04 UTC] Phase 1: Fetching all tables from Supabase...
[2026-07-24 00:00:04 UTC]   Fetching rooms...
[2026-07-24 00:00:05 UTC]   ✓ rooms: 16 rows fetched
[2026-07-24 00:00:05 UTC]   Fetching customers...
[2026-07-24 00:00:05 UTC]   ✓ customers: 118 rows fetched
[2026-07-24 00:00:05 UTC]   Fetching bookings...
[2026-07-24 00:00:05 UTC]   ✓ bookings: 279 rows fetched
[2026-07-24 00:00:05 UTC]   Fetching documents...
[2026-07-24 00:00:05 UTC]   ✓ documents: 216 rows fetched
[2026-07-24 00:00:05 UTC] Verifying row counts against live Supabase...
[2026-07-24 00:00:05 UTC]   ✓ rooms: 16 rows — matches Supabase
[2026-07-24 00:00:05 UTC]   ✓ customers: 118 rows — matches Supabase
[2026-07-24 00:00:05 UTC]   ✓ bookings: 279 rows — matches Supabase
[2026-07-24 00:00:05 UTC]   ✓ documents: 216 rows — matches Supabase
[2026-07-24 00:00:05 UTC] Phase 3: Uploading to Cloudflare R2...
[2026-07-24 00:00:06 UTC]   Uploaded backups/db/2026-07-24/rooms_2026-07-24_000004.json (5171 bytes)
[2026-07-24 00:00:07 UTC]   Uploaded backups/db/2026-07-24/customers_2026-07-24_000004.json (55738 bytes)
[2026-07-24 00:00:07 UTC]   Uploaded backups/db/2026-07-24/bookings_2026-07-24_000004.json (304469 bytes)
[2026-07-24 00:00:07 UTC]   Uploaded backups/db/2026-07-24/documents_2026-07-24_000004.json (95369 bytes)
[2026-07-24 00:00:08 UTC]   Uploaded schema → backups/db/2026-07-24/schema_2026-07-24_000004.sql
[2026-07-24 00:00:08 UTC]   Uploaded manifest → backups/db/2026-07-24/manifest_2026-07-24_000004.json
[2026-07-24 00:00:09 UTC]   Updated backups/db/latest.json pointer
[2026-07-24 00:00:09 UTC] ============================================================
[2026-07-24 00:00:09 UTC] ✅ BACKUP SUCCESSFUL
[2026-07-24 00:00:09 UTC]    Timestamp : 2026-07-24_000004
[2026-07-24 00:00:09 UTC]    Tables    : rooms(16), customers(118), bookings(279), documents(216)
[2026-07-24 00:00:09 UTC]    Total rows: 629
[2026-07-24 00:00:09 UTC]    R2 prefix : backups/db/2026-07-24/
[2026-07-24 00:00:09 UTC] ============================================================
=== Backup completed successfully at Fri Jul 24 02:00:09 CEST 2026 ===
=== Backup started at Sat Jul 25 02:00:01 CEST 2026 ===
[2026-07-25 00:00:03 UTC] ============================================================
[2026-07-25 00:00:03 UTC] Hotel Santosh — Database Backup Starting (host: vmi3271961)
[2026-07-25 00:00:03 UTC] ============================================================
[2026-07-25 00:00:03 UTC] Connecting to Supabase...
[2026-07-25 00:00:03 UTC] Connecting to Cloudflare R2...
[2026-07-25 00:00:04 UTC] Phase 1: Fetching all tables from Supabase...
[2026-07-25 00:00:04 UTC]   Fetching rooms...
[2026-07-25 00:00:05 UTC]   ✓ rooms: 16 rows fetched
[2026-07-25 00:00:05 UTC]   Fetching customers...
[2026-07-25 00:00:05 UTC]   ✓ customers: 124 rows fetched
[2026-07-25 00:00:05 UTC]   Fetching bookings...
[2026-07-25 00:00:05 UTC]   ✓ bookings: 289 rows fetched
[2026-07-25 00:00:05 UTC]   Fetching documents...
[2026-07-25 00:00:05 UTC]   ✓ documents: 226 rows fetched
[2026-07-25 00:00:05 UTC] Verifying row counts against live Supabase...
[2026-07-25 00:00:05 UTC]   ✓ rooms: 16 rows — matches Supabase
[2026-07-25 00:00:05 UTC]   ✓ customers: 124 rows — matches Supabase
[2026-07-25 00:00:05 UTC]   ✓ bookings: 289 rows — matches Supabase
[2026-07-25 00:00:05 UTC]   ✓ documents: 226 rows — matches Supabase
[2026-07-25 00:00:05 UTC] Phase 3: Uploading to Cloudflare R2...
[2026-07-25 00:00:06 UTC]   Uploaded backups/db/2026-07-25/rooms_2026-07-25_000004.json (5171 bytes)
[2026-07-25 00:00:07 UTC]   Uploaded backups/db/2026-07-25/customers_2026-07-25_000004.json (58537 bytes)
[2026-07-25 00:00:08 UTC]   Uploaded backups/db/2026-07-25/bookings_2026-07-25_000004.json (315495 bytes)
[2026-07-25 00:00:08 UTC]   Uploaded backups/db/2026-07-25/documents_2026-07-25_000004.json (99768 bytes)
[2026-07-25 00:00:09 UTC]   Uploaded schema → backups/db/2026-07-25/schema_2026-07-25_000004.sql
[2026-07-25 00:00:09 UTC]   Uploaded manifest → backups/db/2026-07-25/manifest_2026-07-25_000004.json
[2026-07-25 00:00:10 UTC]   Updated backups/db/latest.json pointer
[2026-07-25 00:00:10 UTC] ============================================================
[2026-07-25 00:00:10 UTC] ✅ BACKUP SUCCESSFUL
[2026-07-25 00:00:10 UTC]    Timestamp : 2026-07-25_000004
[2026-07-25 00:00:10 UTC]    Tables    : rooms(16), customers(124), bookings(289), documents(226)
[2026-07-25 00:00:10 UTC]    Total rows: 655
[2026-07-25 00:00:10 UTC]    R2 prefix : backups/db/2026-07-25/
[2026-07-25 00:00:10 UTC] ============================================================
[2026-07-25 00:00:03 UTC] ============================================================
[2026-07-25 00:00:03 UTC] Hotel Santosh — Database Backup Starting (host: vmi3271961)
[2026-07-25 00:00:03 UTC] ============================================================
[2026-07-25 00:00:03 UTC] Connecting to Supabase...
[2026-07-25 00:00:03 UTC] Connecting to Cloudflare R2...
[2026-07-25 00:00:04 UTC] Phase 1: Fetching all tables from Supabase...
[2026-07-25 00:00:04 UTC]   Fetching rooms...
[2026-07-25 00:00:05 UTC]   ✓ rooms: 16 rows fetched
[2026-07-25 00:00:05 UTC]   Fetching customers...
[2026-07-25 00:00:05 UTC]   ✓ customers: 124 rows fetched
[2026-07-25 00:00:05 UTC]   Fetching bookings...
[2026-07-25 00:00:05 UTC]   ✓ bookings: 289 rows fetched
[2026-07-25 00:00:05 UTC]   Fetching documents...
[2026-07-25 00:00:05 UTC]   ✓ documents: 226 rows fetched
[2026-07-25 00:00:05 UTC] Verifying row counts against live Supabase...
[2026-07-25 00:00:05 UTC]   ✓ rooms: 16 rows — matches Supabase
[2026-07-25 00:00:05 UTC]   ✓ customers: 124 rows — matches Supabase
[2026-07-25 00:00:05 UTC]   ✓ bookings: 289 rows — matches Supabase
[2026-07-25 00:00:05 UTC]   ✓ documents: 226 rows — matches Supabase
[2026-07-25 00:00:05 UTC] Phase 3: Uploading to Cloudflare R2...
[2026-07-25 00:00:06 UTC]   Uploaded backups/db/2026-07-25/rooms_2026-07-25_000004.json (5171 bytes)
[2026-07-25 00:00:07 UTC]   Uploaded backups/db/2026-07-25/customers_2026-07-25_000004.json (58537 bytes)
[2026-07-25 00:00:08 UTC]   Uploaded backups/db/2026-07-25/bookings_2026-07-25_000004.json (315495 bytes)
[2026-07-25 00:00:08 UTC]   Uploaded backups/db/2026-07-25/documents_2026-07-25_000004.json (99768 bytes)
[2026-07-25 00:00:09 UTC]   Uploaded schema → backups/db/2026-07-25/schema_2026-07-25_000004.sql
[2026-07-25 00:00:09 UTC]   Uploaded manifest → backups/db/2026-07-25/manifest_2026-07-25_000004.json
[2026-07-25 00:00:10 UTC]   Updated backups/db/latest.json pointer
[2026-07-25 00:00:10 UTC] ============================================================
[2026-07-25 00:00:10 UTC] ✅ BACKUP SUCCESSFUL
[2026-07-25 00:00:10 UTC]    Timestamp : 2026-07-25_000004
[2026-07-25 00:00:10 UTC]    Tables    : rooms(16), customers(124), bookings(289), documents(226)
[2026-07-25 00:00:10 UTC]    Total rows: 655
[2026-07-25 00:00:10 UTC]    R2 prefix : backups/db/2026-07-25/
[2026-07-25 00:00:10 UTC] ============================================================
=== Backup completed successfully at Sat Jul 25 02:00:10 CEST 2026 ===
=== Backup started at Sun Jul 26 02:00:02 CEST 2026 ===
[2026-07-26 00:00:04 UTC] ============================================================
[2026-07-26 00:00:04 UTC] Hotel Santosh — Database Backup Starting (host: vmi3271961)
[2026-07-26 00:00:04 UTC] ============================================================
[2026-07-26 00:00:04 UTC] Connecting to Supabase...
[2026-07-26 00:00:04 UTC] Connecting to Cloudflare R2...
[2026-07-26 00:00:05 UTC] Phase 1: Fetching all tables from Supabase...
[2026-07-26 00:00:05 UTC]   Fetching rooms...
[2026-07-26 00:00:06 UTC]   ✓ rooms: 16 rows fetched
[2026-07-26 00:00:06 UTC]   Fetching customers...
[2026-07-26 00:00:06 UTC]   ✓ customers: 126 rows fetched
[2026-07-26 00:00:06 UTC]   Fetching bookings...
[2026-07-26 00:00:06 UTC]   ✓ bookings: 296 rows fetched
[2026-07-26 00:00:06 UTC]   Fetching documents...
[2026-07-26 00:00:06 UTC]   ✓ documents: 230 rows fetched
[2026-07-26 00:00:06 UTC] Verifying row counts against live Supabase...
[2026-07-26 00:00:06 UTC]   ✓ rooms: 16 rows — matches Supabase
[2026-07-26 00:00:06 UTC]   ✓ customers: 126 rows — matches Supabase
[2026-07-26 00:00:06 UTC]   ✓ bookings: 296 rows — matches Supabase
[2026-07-26 00:00:06 UTC]   ✓ documents: 230 rows — matches Supabase
[2026-07-26 00:00:06 UTC] Phase 3: Uploading to Cloudflare R2...
[2026-07-26 00:00:08 UTC]   Uploaded backups/db/2026-07-26/rooms_2026-07-26_000005.json (5171 bytes)
[2026-07-26 00:00:08 UTC]   Uploaded backups/db/2026-07-26/customers_2026-07-26_000005.json (59446 bytes)
[2026-07-26 00:00:09 UTC]   Uploaded backups/db/2026-07-26/bookings_2026-07-26_000005.json (323322 bytes)
[2026-07-26 00:00:09 UTC]   Uploaded backups/db/2026-07-26/documents_2026-07-26_000005.json (101528 bytes)
[2026-07-26 00:00:10 UTC]   Uploaded schema → backups/db/2026-07-26/schema_2026-07-26_000005.sql
[2026-07-26 00:00:11 UTC]   Uploaded manifest → backups/db/2026-07-26/manifest_2026-07-26_000005.json
[2026-07-26 00:00:12 UTC]   Updated backups/db/latest.json pointer
[2026-07-26 00:00:12 UTC] ============================================================
[2026-07-26 00:00:12 UTC] ✅ BACKUP SUCCESSFUL
[2026-07-26 00:00:12 UTC]    Timestamp : 2026-07-26_000005
[2026-07-26 00:00:12 UTC]    Tables    : rooms(16), customers(126), bookings(296), documents(230)
[2026-07-26 00:00:12 UTC]    Total rows: 668
[2026-07-26 00:00:12 UTC]    R2 prefix : backups/db/2026-07-26/
[2026-07-26 00:00:12 UTC] ============================================================
[2026-07-26 00:00:04 UTC] ============================================================
[2026-07-26 00:00:04 UTC] Hotel Santosh — Database Backup Starting (host: vmi3271961)
[2026-07-26 00:00:04 UTC] ============================================================
[2026-07-26 00:00:04 UTC] Connecting to Supabase...
[2026-07-26 00:00:04 UTC] Connecting to Cloudflare R2...
[2026-07-26 00:00:05 UTC] Phase 1: Fetching all tables from Supabase...
[2026-07-26 00:00:05 UTC]   Fetching rooms...
[2026-07-26 00:00:06 UTC]   ✓ rooms: 16 rows fetched
[2026-07-26 00:00:06 UTC]   Fetching customers...
[2026-07-26 00:00:06 UTC]   ✓ customers: 126 rows fetched
[2026-07-26 00:00:06 UTC]   Fetching bookings...
[2026-07-26 00:00:06 UTC]   ✓ bookings: 296 rows fetched
[2026-07-26 00:00:06 UTC]   Fetching documents...
[2026-07-26 00:00:06 UTC]   ✓ documents: 230 rows fetched
[2026-07-26 00:00:06 UTC] Verifying row counts against live Supabase...
[2026-07-26 00:00:06 UTC]   ✓ rooms: 16 rows — matches Supabase
[2026-07-26 00:00:06 UTC]   ✓ customers: 126 rows — matches Supabase
[2026-07-26 00:00:06 UTC]   ✓ bookings: 296 rows — matches Supabase
[2026-07-26 00:00:06 UTC]   ✓ documents: 230 rows — matches Supabase
[2026-07-26 00:00:06 UTC] Phase 3: Uploading to Cloudflare R2...
[2026-07-26 00:00:08 UTC]   Uploaded backups/db/2026-07-26/rooms_2026-07-26_000005.json (5171 bytes)
[2026-07-26 00:00:08 UTC]   Uploaded backups/db/2026-07-26/customers_2026-07-26_000005.json (59446 bytes)
[2026-07-26 00:00:09 UTC]   Uploaded backups/db/2026-07-26/bookings_2026-07-26_000005.json (323322 bytes)
[2026-07-26 00:00:09 UTC]   Uploaded backups/db/2026-07-26/documents_2026-07-26_000005.json (101528 bytes)
[2026-07-26 00:00:10 UTC]   Uploaded schema → backups/db/2026-07-26/schema_2026-07-26_000005.sql
[2026-07-26 00:00:11 UTC]   Uploaded manifest → backups/db/2026-07-26/manifest_2026-07-26_000005.json
[2026-07-26 00:00:12 UTC]   Updated backups/db/latest.json pointer
[2026-07-26 00:00:12 UTC] ============================================================
[2026-07-26 00:00:12 UTC] ✅ BACKUP SUCCESSFUL
[2026-07-26 00:00:12 UTC]    Timestamp : 2026-07-26_000005
[2026-07-26 00:00:12 UTC]    Tables    : rooms(16), customers(126), bookings(296), documents(230)
[2026-07-26 00:00:12 UTC]    Total rows: 668
[2026-07-26 00:00:12 UTC]    R2 prefix : backups/db/2026-07-26/
[2026-07-26 00:00:12 UTC] ============================================================
=== Backup completed successfully at Sun Jul 26 02:00:12 CEST 2026 ===
=== Backup started at Mon Jul 27 02:00:01 CEST 2026 ===
[2026-07-27 00:00:04 UTC] ============================================================
[2026-07-27 00:00:04 UTC] Hotel Santosh — Database Backup Starting (host: vmi3271961)
[2026-07-27 00:00:04 UTC] ============================================================
[2026-07-27 00:00:04 UTC] Connecting to Supabase...
[2026-07-27 00:00:04 UTC] Connecting to Cloudflare R2...
[2026-07-27 00:00:05 UTC] Phase 1: Fetching all tables from Supabase...
[2026-07-27 00:00:05 UTC]   Fetching rooms...
[2026-07-27 00:00:06 UTC]   ✓ rooms: 16 rows fetched
[2026-07-27 00:00:06 UTC]   Fetching customers...
[2026-07-27 00:00:06 UTC]   ✓ customers: 129 rows fetched
[2026-07-27 00:00:06 UTC]   Fetching bookings...
[2026-07-27 00:00:06 UTC]   ✓ bookings: 302 rows fetched
[2026-07-27 00:00:06 UTC]   Fetching documents...
[2026-07-27 00:00:06 UTC]   ✓ documents: 235 rows fetched
[2026-07-27 00:00:06 UTC] Verifying row counts against live Supabase...
[2026-07-27 00:00:06 UTC]   ✓ rooms: 16 rows — matches Supabase
[2026-07-27 00:00:06 UTC]   ✓ customers: 129 rows — matches Supabase
[2026-07-27 00:00:06 UTC]   ✓ bookings: 302 rows — matches Supabase
[2026-07-27 00:00:06 UTC]   ✓ documents: 235 rows — matches Supabase
[2026-07-27 00:00:06 UTC] Phase 3: Uploading to Cloudflare R2...
[2026-07-27 00:00:07 UTC]   Uploaded backups/db/2026-07-27/rooms_2026-07-27_000005.json (5171 bytes)
[2026-07-27 00:00:08 UTC]   Uploaded backups/db/2026-07-27/customers_2026-07-27_000005.json (60834 bytes)
[2026-07-27 00:00:08 UTC]   Uploaded backups/db/2026-07-27/bookings_2026-07-27_000005.json (329805 bytes)
[2026-07-27 00:00:08 UTC]   Uploaded backups/db/2026-07-27/documents_2026-07-27_000005.json (103728 bytes)
[2026-07-27 00:00:09 UTC]   Uploaded schema → backups/db/2026-07-27/schema_2026-07-27_000005.sql
[2026-07-27 00:00:09 UTC]   Uploaded manifest → backups/db/2026-07-27/manifest_2026-07-27_000005.json
[2026-07-27 00:00:10 UTC]   Updated backups/db/latest.json pointer
[2026-07-27 00:00:10 UTC] ============================================================
[2026-07-27 00:00:10 UTC] ✅ BACKUP SUCCESSFUL
[2026-07-27 00:00:10 UTC]    Timestamp : 2026-07-27_000005
[2026-07-27 00:00:10 UTC]    Tables    : rooms(16), customers(129), bookings(302), documents(235)
[2026-07-27 00:00:10 UTC]    Total rows: 682
[2026-07-27 00:00:10 UTC]    R2 prefix : backups/db/2026-07-27/
[2026-07-27 00:00:10 UTC] ============================================================
[2026-07-27 00:00:04 UTC] ============================================================
[2026-07-27 00:00:04 UTC] Hotel Santosh — Database Backup Starting (host: vmi3271961)
[2026-07-27 00:00:04 UTC] ============================================================
[2026-07-27 00:00:04 UTC] Connecting to Supabase...
[2026-07-27 00:00:04 UTC] Connecting to Cloudflare R2...
[2026-07-27 00:00:05 UTC] Phase 1: Fetching all tables from Supabase...
[2026-07-27 00:00:05 UTC]   Fetching rooms...
[2026-07-27 00:00:06 UTC]   ✓ rooms: 16 rows fetched
[2026-07-27 00:00:06 UTC]   Fetching customers...
[2026-07-27 00:00:06 UTC]   ✓ customers: 129 rows fetched
[2026-07-27 00:00:06 UTC]   Fetching bookings...
[2026-07-27 00:00:06 UTC]   ✓ bookings: 302 rows fetched
[2026-07-27 00:00:06 UTC]   Fetching documents...
[2026-07-27 00:00:06 UTC]   ✓ documents: 235 rows fetched
[2026-07-27 00:00:06 UTC] Verifying row counts against live Supabase...
[2026-07-27 00:00:06 UTC]   ✓ rooms: 16 rows — matches Supabase
[2026-07-27 00:00:06 UTC]   ✓ customers: 129 rows — matches Supabase
[2026-07-27 00:00:06 UTC]   ✓ bookings: 302 rows — matches Supabase
[2026-07-27 00:00:06 UTC]   ✓ documents: 235 rows — matches Supabase
[2026-07-27 00:00:06 UTC] Phase 3: Uploading to Cloudflare R2...
[2026-07-27 00:00:07 UTC]   Uploaded backups/db/2026-07-27/rooms_2026-07-27_000005.json (5171 bytes)
[2026-07-27 00:00:08 UTC]   Uploaded backups/db/2026-07-27/customers_2026-07-27_000005.json (60834 bytes)
[2026-07-27 00:00:08 UTC]   Uploaded backups/db/2026-07-27/bookings_2026-07-27_000005.json (329805 bytes)
[2026-07-27 00:00:08 UTC]   Uploaded backups/db/2026-07-27/documents_2026-07-27_000005.json (103728 bytes)
[2026-07-27 00:00:09 UTC]   Uploaded schema → backups/db/2026-07-27/schema_2026-07-27_000005.sql
[2026-07-27 00:00:09 UTC]   Uploaded manifest → backups/db/2026-07-27/manifest_2026-07-27_000005.json
[2026-07-27 00:00:10 UTC]   Updated backups/db/latest.json pointer
[2026-07-27 00:00:10 UTC] ============================================================
[2026-07-27 00:00:10 UTC] ✅ BACKUP SUCCESSFUL
[2026-07-27 00:00:10 UTC]    Timestamp : 2026-07-27_000005
[2026-07-27 00:00:10 UTC]    Tables    : rooms(16), customers(129), bookings(302), documents(235)
[2026-07-27 00:00:10 UTC]    Total rows: 682
[2026-07-27 00:00:10 UTC]    R2 prefix : backups/db/2026-07-27/
[2026-07-27 00:00:10 UTC] ============================================================
=== Backup completed successfully at Mon Jul 27 02:00:10 CEST 2026 ===
=== Backup started at Tue Jul 28 02:00:01 CEST 2026 ===
[2026-07-28 00:00:03 UTC] ============================================================
[2026-07-28 00:00:03 UTC] Hotel Santosh — Database Backup Starting (host: vmi3271961)
[2026-07-28 00:00:03 UTC] ============================================================
[2026-07-28 00:00:03 UTC] Connecting to Supabase...
[2026-07-28 00:00:03 UTC] Connecting to Cloudflare R2...
[2026-07-28 00:00:04 UTC] Phase 1: Fetching all tables from Supabase...
[2026-07-28 00:00:04 UTC]   Fetching rooms...
[2026-07-28 00:00:05 UTC]   ✓ rooms: 16 rows fetched
[2026-07-28 00:00:05 UTC]   Fetching customers...
[2026-07-28 00:00:05 UTC]   ✓ customers: 135 rows fetched
[2026-07-28 00:00:05 UTC]   Fetching bookings...
[2026-07-28 00:00:05 UTC]   ✓ bookings: 314 rows fetched
[2026-07-28 00:00:05 UTC]   Fetching documents...
[2026-07-28 00:00:05 UTC]   ✓ documents: 243 rows fetched
[2026-07-28 00:00:05 UTC] Verifying row counts against live Supabase...
[2026-07-28 00:00:05 UTC]   ✓ rooms: 16 rows — matches Supabase
[2026-07-28 00:00:05 UTC]   ✓ customers: 135 rows — matches Supabase
[2026-07-28 00:00:05 UTC]   ✓ bookings: 314 rows — matches Supabase
[2026-07-28 00:00:05 UTC]   ✓ documents: 243 rows — matches Supabase
[2026-07-28 00:00:05 UTC] Phase 3: Uploading to Cloudflare R2...
[2026-07-28 00:00:06 UTC]   Uploaded backups/db/2026-07-28/rooms_2026-07-28_000004.json (5171 bytes)
[2026-07-28 00:00:07 UTC]   Uploaded backups/db/2026-07-28/customers_2026-07-28_000004.json (63419 bytes)
[2026-07-28 00:00:07 UTC]   Uploaded backups/db/2026-07-28/bookings_2026-07-28_000004.json (343027 bytes)
[2026-07-28 00:00:08 UTC]   Uploaded backups/db/2026-07-28/documents_2026-07-28_000004.json (107246 bytes)
[2026-07-28 00:00:08 UTC]   Uploaded schema → backups/db/2026-07-28/schema_2026-07-28_000004.sql
[2026-07-28 00:00:09 UTC]   Uploaded manifest → backups/db/2026-07-28/manifest_2026-07-28_000004.json
[2026-07-28 00:00:09 UTC]   Updated backups/db/latest.json pointer
[2026-07-28 00:00:09 UTC] ============================================================
[2026-07-28 00:00:09 UTC] ✅ BACKUP SUCCESSFUL
[2026-07-28 00:00:09 UTC]    Timestamp : 2026-07-28_000004
[2026-07-28 00:00:09 UTC]    Tables    : rooms(16), customers(135), bookings(314), documents(243)
[2026-07-28 00:00:09 UTC]    Total rows: 708
[2026-07-28 00:00:09 UTC]    R2 prefix : backups/db/2026-07-28/
[2026-07-28 00:00:09 UTC] ============================================================
[2026-07-28 00:00:03 UTC] ============================================================
[2026-07-28 00:00:03 UTC] Hotel Santosh — Database Backup Starting (host: vmi3271961)
[2026-07-28 00:00:03 UTC] ============================================================
[2026-07-28 00:00:03 UTC] Connecting to Supabase...
[2026-07-28 00:00:03 UTC] Connecting to Cloudflare R2...
[2026-07-28 00:00:04 UTC] Phase 1: Fetching all tables from Supabase...
[2026-07-28 00:00:04 UTC]   Fetching rooms...
[2026-07-28 00:00:05 UTC]   ✓ rooms: 16 rows fetched
[2026-07-28 00:00:05 UTC]   Fetching customers...
[2026-07-28 00:00:05 UTC]   ✓ customers: 135 rows fetched
[2026-07-28 00:00:05 UTC]   Fetching bookings...
[2026-07-28 00:00:05 UTC]   ✓ bookings: 314 rows fetched
[2026-07-28 00:00:05 UTC]   Fetching documents...
[2026-07-28 00:00:05 UTC]   ✓ documents: 243 rows fetched
[2026-07-28 00:00:05 UTC] Verifying row counts against live Supabase...
[2026-07-28 00:00:05 UTC]   ✓ rooms: 16 rows — matches Supabase
[2026-07-28 00:00:05 UTC]   ✓ customers: 135 rows — matches Supabase
[2026-07-28 00:00:05 UTC]   ✓ bookings: 314 rows — matches Supabase
[2026-07-28 00:00:05 UTC]   ✓ documents: 243 rows — matches Supabase
[2026-07-28 00:00:05 UTC] Phase 3: Uploading to Cloudflare R2...
[2026-07-28 00:00:06 UTC]   Uploaded backups/db/2026-07-28/rooms_2026-07-28_000004.json (5171 bytes)
[2026-07-28 00:00:07 UTC]   Uploaded backups/db/2026-07-28/customers_2026-07-28_000004.json (63419 bytes)
[2026-07-28 00:00:07 UTC]   Uploaded backups/db/2026-07-28/bookings_2026-07-28_000004.json (343027 bytes)
[2026-07-28 00:00:08 UTC]   Uploaded backups/db/2026-07-28/documents_2026-07-28_000004.json (107246 bytes)
[2026-07-28 00:00:08 UTC]   Uploaded schema → backups/db/2026-07-28/schema_2026-07-28_000004.sql
[2026-07-28 00:00:09 UTC]   Uploaded manifest → backups/db/2026-07-28/manifest_2026-07-28_000004.json
[2026-07-28 00:00:09 UTC]   Updated backups/db/latest.json pointer
[2026-07-28 00:00:09 UTC] ============================================================
[2026-07-28 00:00:09 UTC] ✅ BACKUP SUCCESSFUL
[2026-07-28 00:00:09 UTC]    Timestamp : 2026-07-28_000004
[2026-07-28 00:00:09 UTC]    Tables    : rooms(16), customers(135), bookings(314), documents(243)
[2026-07-28 00:00:09 UTC]    Total rows: 708
[2026-07-28 00:00:09 UTC]    R2 prefix : backups/db/2026-07-28/
[2026-07-28 00:00:09 UTC] ============================================================
=== Backup completed successfully at Tue Jul 28 02:00:09 CEST 2026 ===
=== Backup started at Wed Jul 29 02:00:01 CEST 2026 ===
[2026-07-29 00:00:04 UTC] ============================================================
[2026-07-29 00:00:04 UTC] Hotel Santosh — Database Backup Starting (host: vmi3271961)
[2026-07-29 00:00:04 UTC] ============================================================
[2026-07-29 00:00:04 UTC] Connecting to Supabase...
[2026-07-29 00:00:04 UTC] Connecting to Cloudflare R2...
[2026-07-29 00:00:05 UTC] Phase 1: Fetching all tables from Supabase...
[2026-07-29 00:00:05 UTC]   Fetching rooms...
[2026-07-29 00:00:06 UTC]   ✓ rooms: 16 rows fetched
[2026-07-29 00:00:06 UTC]   Fetching customers...
[2026-07-29 00:00:06 UTC]   ✓ customers: 143 rows fetched
[2026-07-29 00:00:06 UTC]   Fetching bookings...
[2026-07-29 00:00:06 UTC]   ✓ bookings: 328 rows fetched
[2026-07-29 00:00:06 UTC]   Fetching documents...
[2026-07-29 00:00:06 UTC]   ✓ documents: 263 rows fetched
[2026-07-29 00:00:06 UTC] Verifying row counts against live Supabase...
[2026-07-29 00:00:06 UTC]   ✓ rooms: 16 rows — matches Supabase
[2026-07-29 00:00:06 UTC]   ✓ customers: 143 rows — matches Supabase
[2026-07-29 00:00:06 UTC]   ✓ bookings: 328 rows — matches Supabase
[2026-07-29 00:00:06 UTC]   ✓ documents: 263 rows — matches Supabase
[2026-07-29 00:00:06 UTC] Phase 3: Uploading to Cloudflare R2...
[2026-07-29 00:00:07 UTC]   Uploaded backups/db/2026-07-29/rooms_2026-07-29_000005.json (5171 bytes)
[2026-07-29 00:00:07 UTC]   Uploaded backups/db/2026-07-29/customers_2026-07-29_000005.json (67674 bytes)
[2026-07-29 00:00:08 UTC]   Uploaded backups/db/2026-07-29/bookings_2026-07-29_000005.json (358265 bytes)
[2026-07-29 00:00:08 UTC]   Uploaded backups/db/2026-07-29/documents_2026-07-29_000005.json (116043 bytes)
[2026-07-29 00:00:09 UTC]   Uploaded schema → backups/db/2026-07-29/schema_2026-07-29_000005.sql
[2026-07-29 00:00:09 UTC]   Uploaded manifest → backups/db/2026-07-29/manifest_2026-07-29_000005.json
[2026-07-29 00:00:10 UTC]   Updated backups/db/latest.json pointer
[2026-07-29 00:00:10 UTC] ============================================================
[2026-07-29 00:00:10 UTC] ✅ BACKUP SUCCESSFUL
[2026-07-29 00:00:10 UTC]    Timestamp : 2026-07-29_000005
[2026-07-29 00:00:10 UTC]    Tables    : rooms(16), customers(143), bookings(328), documents(263)
[2026-07-29 00:00:10 UTC]    Total rows: 750
[2026-07-29 00:00:10 UTC]    R2 prefix : backups/db/2026-07-29/
[2026-07-29 00:00:10 UTC] ============================================================
[2026-07-29 00:00:04 UTC] ============================================================
[2026-07-29 00:00:04 UTC] Hotel Santosh — Database Backup Starting (host: vmi3271961)
[2026-07-29 00:00:04 UTC] ============================================================
[2026-07-29 00:00:04 UTC] Connecting to Supabase...
[2026-07-29 00:00:04 UTC] Connecting to Cloudflare R2...
[2026-07-29 00:00:05 UTC] Phase 1: Fetching all tables from Supabase...
[2026-07-29 00:00:05 UTC]   Fetching rooms...
[2026-07-29 00:00:06 UTC]   ✓ rooms: 16 rows fetched
[2026-07-29 00:00:06 UTC]   Fetching customers...
[2026-07-29 00:00:06 UTC]   ✓ customers: 143 rows fetched
[2026-07-29 00:00:06 UTC]   Fetching bookings...
[2026-07-29 00:00:06 UTC]   ✓ bookings: 328 rows fetched
[2026-07-29 00:00:06 UTC]   Fetching documents...
[2026-07-29 00:00:06 UTC]   ✓ documents: 263 rows fetched
[2026-07-29 00:00:06 UTC] Verifying row counts against live Supabase...
[2026-07-29 00:00:06 UTC]   ✓ rooms: 16 rows — matches Supabase
[2026-07-29 00:00:06 UTC]   ✓ customers: 143 rows — matches Supabase
[2026-07-29 00:00:06 UTC]   ✓ bookings: 328 rows — matches Supabase
[2026-07-29 00:00:06 UTC]   ✓ documents: 263 rows — matches Supabase
[2026-07-29 00:00:06 UTC] Phase 3: Uploading to Cloudflare R2...
[2026-07-29 00:00:07 UTC]   Uploaded backups/db/2026-07-29/rooms_2026-07-29_000005.json (5171 bytes)
[2026-07-29 00:00:07 UTC]   Uploaded backups/db/2026-07-29/customers_2026-07-29_000005.json (67674 bytes)
[2026-07-29 00:00:08 UTC]   Uploaded backups/db/2026-07-29/bookings_2026-07-29_000005.json (358265 bytes)
[2026-07-29 00:00:08 UTC]   Uploaded backups/db/2026-07-29/documents_2026-07-29_000005.json (116043 bytes)
[2026-07-29 00:00:09 UTC]   Uploaded schema → backups/db/2026-07-29/schema_2026-07-29_000005.sql
[2026-07-29 00:00:09 UTC]   Uploaded manifest → backups/db/2026-07-29/manifest_2026-07-29_000005.json
[2026-07-29 00:00:10 UTC]   Updated backups/db/latest.json pointer
[2026-07-29 00:00:10 UTC] ============================================================
[2026-07-29 00:00:10 UTC] ✅ BACKUP SUCCESSFUL
[2026-07-29 00:00:10 UTC]    Timestamp : 2026-07-29_000005
[2026-07-29 00:00:10 UTC]    Tables    : rooms(16), customers(143), bookings(328), documents(263)
[2026-07-29 00:00:10 UTC]    Total rows: 750
[2026-07-29 00:00:10 UTC]    R2 prefix : backups/db/2026-07-29/
[2026-07-29 00:00:10 UTC] ============================================================
=== Backup completed successfully at Wed Jul 29 02:00:10 CEST 2026 ===
=== Backup started at Thu Jul 30 02:00:01 CEST 2026 ===
[2026-07-30 00:00:04 UTC] ============================================================
[2026-07-30 00:00:04 UTC] Hotel Santosh — Database Backup Starting (host: vmi3271961)
[2026-07-30 00:00:04 UTC] ============================================================
[2026-07-30 00:00:04 UTC] Connecting to Supabase...
[2026-07-30 00:00:04 UTC] Connecting to Cloudflare R2...
[2026-07-30 00:00:05 UTC] Phase 1: Fetching all tables from Supabase...
[2026-07-30 00:00:05 UTC]   Fetching rooms...
[2026-07-30 00:00:06 UTC]   ✓ rooms: 16 rows fetched
[2026-07-30 00:00:06 UTC]   Fetching customers...
[2026-07-30 00:00:06 UTC]   ✓ customers: 150 rows fetched
[2026-07-30 00:00:06 UTC]   Fetching bookings...
[2026-07-30 00:00:06 UTC]   ✓ bookings: 347 rows fetched
[2026-07-30 00:00:06 UTC]   Fetching documents...
[2026-07-30 00:00:06 UTC]   ✓ documents: 279 rows fetched
[2026-07-30 00:00:06 UTC] Verifying row counts against live Supabase...
[2026-07-30 00:00:06 UTC]   ✓ rooms: 16 rows — matches Supabase
[2026-07-30 00:00:06 UTC]   ✓ customers: 150 rows — matches Supabase
[2026-07-30 00:00:06 UTC]   ✓ bookings: 347 rows — matches Supabase
[2026-07-30 00:00:06 UTC]   ✓ documents: 279 rows — matches Supabase
[2026-07-30 00:00:06 UTC] Phase 3: Uploading to Cloudflare R2...
[2026-07-30 00:00:07 UTC]   Uploaded backups/db/2026-07-30/rooms_2026-07-30_000005.json (5171 bytes)
[2026-07-30 00:00:07 UTC]   Uploaded backups/db/2026-07-30/customers_2026-07-30_000005.json (70884 bytes)
[2026-07-30 00:00:08 UTC]   Uploaded backups/db/2026-07-30/bookings_2026-07-30_000005.json (378800 bytes)
[2026-07-30 00:00:08 UTC]   Uploaded backups/db/2026-07-30/documents_2026-07-30_000005.json (123083 bytes)
[2026-07-30 00:00:09 UTC]   Uploaded schema → backups/db/2026-07-30/schema_2026-07-30_000005.sql
[2026-07-30 00:00:09 UTC]   Uploaded manifest → backups/db/2026-07-30/manifest_2026-07-30_000005.json
[2026-07-30 00:00:10 UTC]   Updated backups/db/latest.json pointer
[2026-07-30 00:00:10 UTC] ============================================================
[2026-07-30 00:00:10 UTC] ✅ BACKUP SUCCESSFUL
[2026-07-30 00:00:10 UTC]    Timestamp : 2026-07-30_000005
[2026-07-30 00:00:10 UTC]    Tables    : rooms(16), customers(150), bookings(347), documents(279)
[2026-07-30 00:00:10 UTC]    Total rows: 792
[2026-07-30 00:00:10 UTC]    R2 prefix : backups/db/2026-07-30/
[2026-07-30 00:00:10 UTC] ============================================================
[2026-07-30 00:00:04 UTC] ============================================================
[2026-07-30 00:00:04 UTC] Hotel Santosh — Database Backup Starting (host: vmi3271961)
[2026-07-30 00:00:04 UTC] ============================================================
[2026-07-30 00:00:04 UTC] Connecting to Supabase...
[2026-07-30 00:00:04 UTC] Connecting to Cloudflare R2...
[2026-07-30 00:00:05 UTC] Phase 1: Fetching all tables from Supabase...
[2026-07-30 00:00:05 UTC]   Fetching rooms...
[2026-07-30 00:00:06 UTC]   ✓ rooms: 16 rows fetched
[2026-07-30 00:00:06 UTC]   Fetching customers...
[2026-07-30 00:00:06 UTC]   ✓ customers: 150 rows fetched
[2026-07-30 00:00:06 UTC]   Fetching bookings...
[2026-07-30 00:00:06 UTC]   ✓ bookings: 347 rows fetched
[2026-07-30 00:00:06 UTC]   Fetching documents...
[2026-07-30 00:00:06 UTC]   ✓ documents: 279 rows fetched
[2026-07-30 00:00:06 UTC] Verifying row counts against live Supabase...
[2026-07-30 00:00:06 UTC]   ✓ rooms: 16 rows — matches Supabase
[2026-07-30 00:00:06 UTC]   ✓ customers: 150 rows — matches Supabase
[2026-07-30 00:00:06 UTC]   ✓ bookings: 347 rows — matches Supabase
[2026-07-30 00:00:06 UTC]   ✓ documents: 279 rows — matches Supabase
[2026-07-30 00:00:06 UTC] Phase 3: Uploading to Cloudflare R2...
[2026-07-30 00:00:07 UTC]   Uploaded backups/db/2026-07-30/rooms_2026-07-30_000005.json (5171 bytes)
[2026-07-30 00:00:07 UTC]   Uploaded backups/db/2026-07-30/customers_2026-07-30_000005.json (70884 bytes)
[2026-07-30 00:00:08 UTC]   Uploaded backups/db/2026-07-30/bookings_2026-07-30_000005.json (378800 bytes)
[2026-07-30 00:00:08 UTC]   Uploaded backups/db/2026-07-30/documents_2026-07-30_000005.json (123083 bytes)
[2026-07-30 00:00:09 UTC]   Uploaded schema → backups/db/2026-07-30/schema_2026-07-30_000005.sql
[2026-07-30 00:00:09 UTC]   Uploaded manifest → backups/db/2026-07-30/manifest_2026-07-30_000005.json
[2026-07-30 00:00:10 UTC]   Updated backups/db/latest.json pointer
[2026-07-30 00:00:10 UTC] ============================================================
[2026-07-30 00:00:10 UTC] ✅ BACKUP SUCCESSFUL
[2026-07-30 00:00:10 UTC]    Timestamp : 2026-07-30_000005
[2026-07-30 00:00:10 UTC]    Tables    : rooms(16), customers(150), bookings(347), documents(279)
[2026-07-30 00:00:10 UTC]    Total rows: 792
[2026-07-30 00:00:10 UTC]    R2 prefix : backups/db/2026-07-30/
[2026-07-30 00:00:10 UTC] ============================================================
=== Backup completed successfully at Thu Jul 30 02:00:10 CEST 2026 ===
=== Backup started at Fri Jul 31 02:00:01 CEST 2026 ===
[2026-07-31 00:00:04 UTC] ============================================================
[2026-07-31 00:00:04 UTC] Hotel Santosh — Database Backup Starting (host: vmi3271961)
[2026-07-31 00:00:04 UTC] ============================================================
[2026-07-31 00:00:04 UTC] Connecting to Supabase...
[2026-07-31 00:00:04 UTC] Connecting to Cloudflare R2...
[2026-07-31 00:00:05 UTC] Phase 1: Fetching all tables from Supabase...
[2026-07-31 00:00:05 UTC]   Fetching rooms...
[2026-07-31 00:00:07 UTC]   ✓ rooms: 16 rows fetched
[2026-07-31 00:00:07 UTC]   Fetching customers...
[2026-07-31 00:00:07 UTC]   ✓ customers: 155 rows fetched
[2026-07-31 00:00:07 UTC]   Fetching bookings...
[2026-07-31 00:00:07 UTC]   ✓ bookings: 359 rows fetched
[2026-07-31 00:00:07 UTC]   Fetching documents...
[2026-07-31 00:00:07 UTC]   ✓ documents: 289 rows fetched
[2026-07-31 00:00:07 UTC] Verifying row counts against live Supabase...
[2026-07-31 00:00:07 UTC]   ✓ rooms: 16 rows — matches Supabase
[2026-07-31 00:00:07 UTC]   ✓ customers: 155 rows — matches Supabase
[2026-07-31 00:00:07 UTC]   ✓ bookings: 359 rows — matches Supabase
[2026-07-31 00:00:07 UTC]   ✓ documents: 289 rows — matches Supabase
[2026-07-31 00:00:07 UTC] Phase 3: Uploading to Cloudflare R2...
[2026-07-31 00:00:08 UTC]   Uploaded backups/db/2026-07-31/rooms_2026-07-31_000005.json (5171 bytes)
[2026-07-31 00:00:09 UTC]   Uploaded backups/db/2026-07-31/customers_2026-07-31_000005.json (73398 bytes)
[2026-07-31 00:00:09 UTC]   Uploaded backups/db/2026-07-31/bookings_2026-07-31_000005.json (391956 bytes)
[2026-07-31 00:00:10 UTC]   Uploaded backups/db/2026-07-31/documents_2026-07-31_000005.json (127483 bytes)
[2026-07-31 00:00:10 UTC]   Uploaded schema → backups/db/2026-07-31/schema_2026-07-31_000005.sql
[2026-07-31 00:00:11 UTC]   Uploaded manifest → backups/db/2026-07-31/manifest_2026-07-31_000005.json
[2026-07-31 00:00:11 UTC]   Updated backups/db/latest.json pointer
[2026-07-31 00:00:11 UTC] ============================================================
[2026-07-31 00:00:11 UTC] ✅ BACKUP SUCCESSFUL
[2026-07-31 00:00:11 UTC]    Timestamp : 2026-07-31_000005
[2026-07-31 00:00:11 UTC]    Tables    : rooms(16), customers(155), bookings(359), documents(289)
[2026-07-31 00:00:11 UTC]    Total rows: 819
[2026-07-31 00:00:11 UTC]    R2 prefix : backups/db/2026-07-31/
[2026-07-31 00:00:11 UTC] ============================================================
[2026-07-31 00:00:04 UTC] ============================================================
[2026-07-31 00:00:04 UTC] Hotel Santosh — Database Backup Starting (host: vmi3271961)
[2026-07-31 00:00:04 UTC] ============================================================
[2026-07-31 00:00:04 UTC] Connecting to Supabase...
[2026-07-31 00:00:04 UTC] Connecting to Cloudflare R2...
[2026-07-31 00:00:05 UTC] Phase 1: Fetching all tables from Supabase...
[2026-07-31 00:00:05 UTC]   Fetching rooms...
[2026-07-31 00:00:07 UTC]   ✓ rooms: 16 rows fetched
[2026-07-31 00:00:07 UTC]   Fetching customers...
[2026-07-31 00:00:07 UTC]   ✓ customers: 155 rows fetched
[2026-07-31 00:00:07 UTC]   Fetching bookings...
[2026-07-31 00:00:07 UTC]   ✓ bookings: 359 rows fetched
[2026-07-31 00:00:07 UTC]   Fetching documents...
[2026-07-31 00:00:07 UTC]   ✓ documents: 289 rows fetched
[2026-07-31 00:00:07 UTC] Verifying row counts against live Supabase...
[2026-07-31 00:00:07 UTC]   ✓ rooms: 16 rows — matches Supabase
[2026-07-31 00:00:07 UTC]   ✓ customers: 155 rows — matches Supabase
[2026-07-31 00:00:07 UTC]   ✓ bookings: 359 rows — matches Supabase
[2026-07-31 00:00:07 UTC]   ✓ documents: 289 rows — matches Supabase
[2026-07-31 00:00:07 UTC] Phase 3: Uploading to Cloudflare R2...
[2026-07-31 00:00:08 UTC]   Uploaded backups/db/2026-07-31/rooms_2026-07-31_000005.json (5171 bytes)
[2026-07-31 00:00:09 UTC]   Uploaded backups/db/2026-07-31/customers_2026-07-31_000005.json (73398 bytes)
[2026-07-31 00:00:09 UTC]   Uploaded backups/db/2026-07-31/bookings_2026-07-31_000005.json (391956 bytes)
[2026-07-31 00:00:10 UTC]   Uploaded backups/db/2026-07-31/documents_2026-07-31_000005.json (127483 bytes)
[2026-07-31 00:00:10 UTC]   Uploaded schema → backups/db/2026-07-31/schema_2026-07-31_000005.sql
[2026-07-31 00:00:11 UTC]   Uploaded manifest → backups/db/2026-07-31/manifest_2026-07-31_000005.json
[2026-07-31 00:00:11 UTC]   Updated backups/db/latest.json pointer
[2026-07-31 00:00:11 UTC] ============================================================
[2026-07-31 00:00:11 UTC] ✅ BACKUP SUCCESSFUL
[2026-07-31 00:00:11 UTC]    Timestamp : 2026-07-31_000005
[2026-07-31 00:00:11 UTC]    Tables    : rooms(16), customers(155), bookings(359), documents(289)
[2026-07-31 00:00:11 UTC]    Total rows: 819
[2026-07-31 00:00:11 UTC]    R2 prefix : backups/db/2026-07-31/
[2026-07-31 00:00:11 UTC] ============================================================
=== Backup completed successfully at Fri Jul 31 02:00:11 CEST 2026 ===
=== Backup started at Sat Aug  1 02:00:01 CEST 2026 ===
[2026-08-01 00:00:05 UTC] ============================================================
[2026-08-01 00:00:05 UTC] Hotel Santosh — Database Backup Starting (host: vmi3271961)
[2026-08-01 00:00:05 UTC] ============================================================
[2026-08-01 00:00:05 UTC] Connecting to Supabase...
[2026-08-01 00:00:05 UTC] Connecting to Cloudflare R2...
[2026-08-01 00:00:06 UTC] Phase 1: Fetching all tables from Supabase...
[2026-08-01 00:00:06 UTC]   Fetching rooms...
[2026-08-01 00:00:07 UTC]   ✓ rooms: 16 rows fetched
[2026-08-01 00:00:07 UTC]   Fetching customers...
[2026-08-01 00:00:07 UTC]   ✓ customers: 159 rows fetched
[2026-08-01 00:00:07 UTC]   Fetching bookings...
[2026-08-01 00:00:07 UTC]   ✓ bookings: 368 rows fetched
[2026-08-01 00:00:07 UTC]   Fetching documents...
[2026-08-01 00:00:07 UTC]   ✓ documents: 296 rows fetched
[2026-08-01 00:00:07 UTC] Verifying row counts against live Supabase...
[2026-08-01 00:00:07 UTC]   ✓ rooms: 16 rows — matches Supabase
[2026-08-01 00:00:07 UTC]   ✓ customers: 159 rows — matches Supabase
[2026-08-01 00:00:07 UTC]   ✓ bookings: 368 rows — matches Supabase
[2026-08-01 00:00:07 UTC]   ✓ documents: 296 rows — matches Supabase
[2026-08-01 00:00:07 UTC] Phase 3: Uploading to Cloudflare R2...
[2026-08-01 00:00:08 UTC]   Uploaded backups/db/2026-08-01/rooms_2026-08-01_000006.json (5171 bytes)
[2026-08-01 00:00:08 UTC]   Uploaded backups/db/2026-08-01/customers_2026-08-01_000006.json (75402 bytes)
[2026-08-01 00:00:09 UTC]   Uploaded backups/db/2026-08-01/bookings_2026-08-01_000006.json (401935 bytes)
[2026-08-01 00:00:10 UTC]   Uploaded backups/db/2026-08-01/documents_2026-08-01_000006.json (130562 bytes)
[2026-08-01 00:00:11 UTC]   Uploaded schema → backups/db/2026-08-01/schema_2026-08-01_000006.sql
[2026-08-01 00:00:11 UTC]   Uploaded manifest → backups/db/2026-08-01/manifest_2026-08-01_000006.json
[2026-08-01 00:00:12 UTC]   Updated backups/db/latest.json pointer
[2026-08-01 00:00:12 UTC] ============================================================
[2026-08-01 00:00:12 UTC] ✅ BACKUP SUCCESSFUL
[2026-08-01 00:00:12 UTC]    Timestamp : 2026-08-01_000006
[2026-08-01 00:00:12 UTC]    Tables    : rooms(16), customers(159), bookings(368), documents(296)
[2026-08-01 00:00:12 UTC]    Total rows: 839
[2026-08-01 00:00:12 UTC]    R2 prefix : backups/db/2026-08-01/
[2026-08-01 00:00:12 UTC] ============================================================
[2026-08-01 00:00:05 UTC] ============================================================
[2026-08-01 00:00:05 UTC] Hotel Santosh — Database Backup Starting (host: vmi3271961)
[2026-08-01 00:00:05 UTC] ============================================================
[2026-08-01 00:00:05 UTC] Connecting to Supabase...
[2026-08-01 00:00:05 UTC] Connecting to Cloudflare R2...
[2026-08-01 00:00:06 UTC] Phase 1: Fetching all tables from Supabase...
[2026-08-01 00:00:06 UTC]   Fetching rooms...
[2026-08-01 00:00:07 UTC]   ✓ rooms: 16 rows fetched
[2026-08-01 00:00:07 UTC]   Fetching customers...
[2026-08-01 00:00:07 UTC]   ✓ customers: 159 rows fetched
[2026-08-01 00:00:07 UTC]   Fetching bookings...
[2026-08-01 00:00:07 UTC]   ✓ bookings: 368 rows fetched
[2026-08-01 00:00:07 UTC]   Fetching documents...
[2026-08-01 00:00:07 UTC]   ✓ documents: 296 rows fetched
[2026-08-01 00:00:07 UTC] Verifying row counts against live Supabase...
[2026-08-01 00:00:07 UTC]   ✓ rooms: 16 rows — matches Supabase
[2026-08-01 00:00:07 UTC]   ✓ customers: 159 rows — matches Supabase
[2026-08-01 00:00:07 UTC]   ✓ bookings: 368 rows — matches Supabase
[2026-08-01 00:00:07 UTC]   ✓ documents: 296 rows — matches Supabase
[2026-08-01 00:00:07 UTC] Phase 3: Uploading to Cloudflare R2...
[2026-08-01 00:00:08 UTC]   Uploaded backups/db/2026-08-01/rooms_2026-08-01_000006.json (5171 bytes)
[2026-08-01 00:00:08 UTC]   Uploaded backups/db/2026-08-01/customers_2026-08-01_000006.json (75402 bytes)
[2026-08-01 00:00:09 UTC]   Uploaded backups/db/2026-08-01/bookings_2026-08-01_000006.json (401935 bytes)
[2026-08-01 00:00:10 UTC]   Uploaded backups/db/2026-08-01/documents_2026-08-01_000006.json (130562 bytes)
[2026-08-01 00:00:11 UTC]   Uploaded schema → backups/db/2026-08-01/schema_2026-08-01_000006.sql
[2026-08-01 00:00:11 UTC]   Uploaded manifest → backups/db/2026-08-01/manifest_2026-08-01_000006.json
[2026-08-01 00:00:12 UTC]   Updated backups/db/latest.json pointer
[2026-08-01 00:00:12 UTC] ============================================================
[2026-08-01 00:00:12 UTC] ✅ BACKUP SUCCESSFUL
[2026-08-01 00:00:12 UTC]    Timestamp : 2026-08-01_000006
[2026-08-01 00:00:12 UTC]    Tables    : rooms(16), customers(159), bookings(368), documents(296)
[2026-08-01 00:00:12 UTC]    Total rows: 839
[2026-08-01 00:00:12 UTC]    R2 prefix : backups/db/2026-08-01/
[2026-08-01 00:00:12 UTC] ============================================================
=== Backup completed successfully at Sat Aug  1 02:00:12 CEST 2026 ===
=== Backup started at Sun Aug  2 02:00:01 CEST 2026 ===
[2026-08-02 00:00:04 UTC] ============================================================
[2026-08-02 00:00:04 UTC] Hotel Santosh — Database Backup Starting (host: vmi3271961)
[2026-08-02 00:00:04 UTC] ============================================================
[2026-08-02 00:00:04 UTC] Connecting to Supabase...
[2026-08-02 00:00:05 UTC] Connecting to Cloudflare R2...
[2026-08-02 00:00:06 UTC] Phase 1: Fetching all tables from Supabase...
[2026-08-02 00:00:06 UTC]   Fetching rooms...
[2026-08-02 00:00:07 UTC]   ✓ rooms: 16 rows fetched
[2026-08-02 00:00:07 UTC]   Fetching customers...
[2026-08-02 00:00:07 UTC]   ✓ customers: 164 rows fetched
[2026-08-02 00:00:07 UTC]   Fetching bookings...
[2026-08-02 00:00:07 UTC]   ✓ bookings: 380 rows fetched
[2026-08-02 00:00:07 UTC]   Fetching documents...
[2026-08-02 00:00:07 UTC]   ✓ documents: 305 rows fetched
[2026-08-02 00:00:07 UTC] Verifying row counts against live Supabase...
[2026-08-02 00:00:07 UTC]   ✓ rooms: 16 rows — matches Supabase
[2026-08-02 00:00:07 UTC]   ✓ customers: 164 rows — matches Supabase
[2026-08-02 00:00:07 UTC]   ✓ bookings: 380 rows — matches Supabase
[2026-08-02 00:00:07 UTC]   ✓ documents: 305 rows — matches Supabase
[2026-08-02 00:00:07 UTC] Phase 3: Uploading to Cloudflare R2...
[2026-08-02 00:00:08 UTC]   Uploaded backups/db/2026-08-02/rooms_2026-08-02_000006.json (5171 bytes)
[2026-08-02 00:00:09 UTC]   Uploaded backups/db/2026-08-02/customers_2026-08-02_000006.json (77669 bytes)
[2026-08-02 00:00:10 UTC]   Uploaded backups/db/2026-08-02/bookings_2026-08-02_000006.json (414897 bytes)
[2026-08-02 00:00:11 UTC]   Uploaded backups/db/2026-08-02/documents_2026-08-02_000006.json (134522 bytes)
[2026-08-02 00:00:12 UTC]   Uploaded schema → backups/db/2026-08-02/schema_2026-08-02_000006.sql
[2026-08-02 00:00:13 UTC]   Uploaded manifest → backups/db/2026-08-02/manifest_2026-08-02_000006.json
[2026-08-02 00:00:13 UTC]   Updated backups/db/latest.json pointer
[2026-08-02 00:00:13 UTC] ============================================================
[2026-08-02 00:00:13 UTC] ✅ BACKUP SUCCESSFUL
[2026-08-02 00:00:13 UTC]    Timestamp : 2026-08-02_000006
[2026-08-02 00:00:13 UTC]    Tables    : rooms(16), customers(164), bookings(380), documents(305)
[2026-08-02 00:00:13 UTC]    Total rows: 865
[2026-08-02 00:00:13 UTC]    R2 prefix : backups/db/2026-08-02/
[2026-08-02 00:00:13 UTC] ============================================================
[2026-08-02 00:00:04 UTC] ============================================================
[2026-08-02 00:00:04 UTC] Hotel Santosh — Database Backup Starting (host: vmi3271961)
[2026-08-02 00:00:04 UTC] ============================================================
[2026-08-02 00:00:04 UTC] Connecting to Supabase...
[2026-08-02 00:00:05 UTC] Connecting to Cloudflare R2...
[2026-08-02 00:00:06 UTC] Phase 1: Fetching all tables from Supabase...
[2026-08-02 00:00:06 UTC]   Fetching rooms...
[2026-08-02 00:00:07 UTC]   ✓ rooms: 16 rows fetched
[2026-08-02 00:00:07 UTC]   Fetching customers...
[2026-08-02 00:00:07 UTC]   ✓ customers: 164 rows fetched
[2026-08-02 00:00:07 UTC]   Fetching bookings...
[2026-08-02 00:00:07 UTC]   ✓ bookings: 380 rows fetched
[2026-08-02 00:00:07 UTC]   Fetching documents...
[2026-08-02 00:00:07 UTC]   ✓ documents: 305 rows fetched
[2026-08-02 00:00:07 UTC] Verifying row counts against live Supabase...
[2026-08-02 00:00:07 UTC]   ✓ rooms: 16 rows — matches Supabase
[2026-08-02 00:00:07 UTC]   ✓ customers: 164 rows — matches Supabase
[2026-08-02 00:00:07 UTC]   ✓ bookings: 380 rows — matches Supabase
[2026-08-02 00:00:07 UTC]   ✓ documents: 305 rows — matches Supabase
[2026-08-02 00:00:07 UTC] Phase 3: Uploading to Cloudflare R2...
[2026-08-02 00:00:08 UTC]   Uploaded backups/db/2026-08-02/rooms_2026-08-02_000006.json (5171 bytes)
[2026-08-02 00:00:09 UTC]   Uploaded backups/db/2026-08-02/customers_2026-08-02_000006.json (77669 bytes)
[2026-08-02 00:00:10 UTC]   Uploaded backups/db/2026-08-02/bookings_2026-08-02_000006.json (414897 bytes)
[2026-08-02 00:00:11 UTC]   Uploaded backups/db/2026-08-02/documents_2026-08-02_000006.json (134522 bytes)
[2026-08-02 00:00:12 UTC]   Uploaded schema → backups/db/2026-08-02/schema_2026-08-02_000006.sql
[2026-08-02 00:00:13 UTC]   Uploaded manifest → backups/db/2026-08-02/manifest_2026-08-02_000006.json
[2026-08-02 00:00:13 UTC]   Updated backups/db/latest.json pointer
[2026-08-02 00:00:13 UTC] ============================================================
[2026-08-02 00:00:13 UTC] ✅ BACKUP SUCCESSFUL
[2026-08-02 00:00:13 UTC]    Timestamp : 2026-08-02_000006
[2026-08-02 00:00:13 UTC]    Tables    : rooms(16), customers(164), bookings(380), documents(305)
[2026-08-02 00:00:13 UTC]    Total rows: 865
[2026-08-02 00:00:13 UTC]    R2 prefix : backups/db/2026-08-02/
[2026-08-02 00:00:13 UTC] ============================================================
=== Backup completed successfully at Sun Aug  2 02:00:14 CEST 2026 ===
=== Backup started at Mon Aug  3 02:00:01 CEST 2026 ===
[2026-08-03 00:00:05 UTC] ============================================================
[2026-08-03 00:00:05 UTC] Hotel Santosh — Database Backup Starting (host: vmi3271961)
[2026-08-03 00:00:05 UTC] ============================================================
[2026-08-03 00:00:05 UTC] Connecting to Supabase...
[2026-08-03 00:00:05 UTC] Connecting to Cloudflare R2...
[2026-08-03 00:00:06 UTC] Phase 1: Fetching all tables from Supabase...
[2026-08-03 00:00:06 UTC]   Fetching rooms...
[2026-08-03 00:00:07 UTC]   ✓ rooms: 16 rows fetched
[2026-08-03 00:00:07 UTC]   Fetching customers...
[2026-08-03 00:00:07 UTC]   ✓ customers: 171 rows fetched
[2026-08-03 00:00:07 UTC]   Fetching bookings...
[2026-08-03 00:00:07 UTC]   ✓ bookings: 398 rows fetched
[2026-08-03 00:00:07 UTC]   Fetching documents...
[2026-08-03 00:00:07 UTC]   ✓ documents: 314 rows fetched
[2026-08-03 00:00:07 UTC] Verifying row counts against live Supabase...
[2026-08-03 00:00:07 UTC]   ✓ rooms: 16 rows — matches Supabase
[2026-08-03 00:00:07 UTC]   ✓ customers: 171 rows — matches Supabase
[2026-08-03 00:00:07 UTC]   ✓ bookings: 398 rows — matches Supabase
[2026-08-03 00:00:08 UTC]   ✓ documents: 314 rows — matches Supabase
[2026-08-03 00:00:08 UTC] Phase 3: Uploading to Cloudflare R2...
[2026-08-03 00:00:08 UTC]   Uploaded backups/db/2026-08-03/rooms_2026-08-03_000006.json (5171 bytes)
[2026-08-03 00:00:09 UTC]   Uploaded backups/db/2026-08-03/customers_2026-08-03_000006.json (80619 bytes)
[2026-08-03 00:00:10 UTC]   Uploaded backups/db/2026-08-03/bookings_2026-08-03_000006.json (434652 bytes)
[2026-08-03 00:00:10 UTC]   Uploaded backups/db/2026-08-03/documents_2026-08-03_000006.json (138481 bytes)
[2026-08-03 00:00:11 UTC]   Uploaded schema → backups/db/2026-08-03/schema_2026-08-03_000006.sql
[2026-08-03 00:00:11 UTC]   Uploaded manifest → backups/db/2026-08-03/manifest_2026-08-03_000006.json
[2026-08-03 00:00:12 UTC]   Updated backups/db/latest.json pointer
[2026-08-03 00:00:12 UTC] ============================================================
[2026-08-03 00:00:12 UTC] ✅ BACKUP SUCCESSFUL
[2026-08-03 00:00:12 UTC]    Timestamp : 2026-08-03_000006
[2026-08-03 00:00:12 UTC]    Tables    : rooms(16), customers(171), bookings(398), documents(314)
[2026-08-03 00:00:12 UTC]    Total rows: 899
[2026-08-03 00:00:12 UTC]    R2 prefix : backups/db/2026-08-03/
[2026-08-03 00:00:12 UTC] ============================================================
[2026-08-03 00:00:05 UTC] ============================================================
[2026-08-03 00:00:05 UTC] Hotel Santosh — Database Backup Starting (host: vmi3271961)
[2026-08-03 00:00:05 UTC] ============================================================
[2026-08-03 00:00:05 UTC] Connecting to Supabase...
[2026-08-03 00:00:05 UTC] Connecting to Cloudflare R2...
[2026-08-03 00:00:06 UTC] Phase 1: Fetching all tables from Supabase...
[2026-08-03 00:00:06 UTC]   Fetching rooms...
[2026-08-03 00:00:07 UTC]   ✓ rooms: 16 rows fetched
[2026-08-03 00:00:07 UTC]   Fetching customers...
[2026-08-03 00:00:07 UTC]   ✓ customers: 171 rows fetched
[2026-08-03 00:00:07 UTC]   Fetching bookings...
[2026-08-03 00:00:07 UTC]   ✓ bookings: 398 rows fetched
[2026-08-03 00:00:07 UTC]   Fetching documents...
[2026-08-03 00:00:07 UTC]   ✓ documents: 314 rows fetched
[2026-08-03 00:00:07 UTC] Verifying row counts against live Supabase...
[2026-08-03 00:00:07 UTC]   ✓ rooms: 16 rows — matches Supabase
[2026-08-03 00:00:07 UTC]   ✓ customers: 171 rows — matches Supabase
[2026-08-03 00:00:07 UTC]   ✓ bookings: 398 rows — matches Supabase
[2026-08-03 00:00:08 UTC]   ✓ documents: 314 rows — matches Supabase
[2026-08-03 00:00:08 UTC] Phase 3: Uploading to Cloudflare R2...
[2026-08-03 00:00:08 UTC]   Uploaded backups/db/2026-08-03/rooms_2026-08-03_000006.json (5171 bytes)
[2026-08-03 00:00:09 UTC]   Uploaded backups/db/2026-08-03/customers_2026-08-03_000006.json (80619 bytes)
[2026-08-03 00:00:10 UTC]   Uploaded backups/db/2026-08-03/bookings_2026-08-03_000006.json (434652 bytes)
[2026-08-03 00:00:10 UTC]   Uploaded backups/db/2026-08-03/documents_2026-08-03_000006.json (138481 bytes)
[2026-08-03 00:00:11 UTC]   Uploaded schema → backups/db/2026-08-03/schema_2026-08-03_000006.sql
[2026-08-03 00:00:11 UTC]   Uploaded manifest → backups/db/2026-08-03/manifest_2026-08-03_000006.json
[2026-08-03 00:00:12 UTC]   Updated backups/db/latest.json pointer
[2026-08-03 00:00:12 UTC] ============================================================
[2026-08-03 00:00:12 UTC] ✅ BACKUP SUCCESSFUL
[2026-08-03 00:00:12 UTC]    Timestamp : 2026-08-03_000006
[2026-08-03 00:00:12 UTC]    Tables    : rooms(16), customers(171), bookings(398), documents(314)
[2026-08-03 00:00:12 UTC]    Total rows: 899
[2026-08-03 00:00:12 UTC]    R2 prefix : backups/db/2026-08-03/
[2026-08-03 00:00:12 UTC] ============================================================
=== Backup completed successfully at Mon Aug  3 02:00:12 CEST 2026 ===
=== Backup started at Tue Aug  4 02:00:01 CEST 2026 ===
[2026-08-04 00:00:06 UTC] ============================================================
[2026-08-04 00:00:06 UTC] Hotel Santosh — Database Backup Starting (host: vmi3271961)
[2026-08-04 00:00:06 UTC] ============================================================
[2026-08-04 00:00:06 UTC] Connecting to Supabase...
[2026-08-04 00:00:06 UTC] Connecting to Cloudflare R2...
[2026-08-04 00:00:06 UTC] Phase 1: Fetching all tables from Supabase...
[2026-08-04 00:00:06 UTC]   Fetching rooms...
[2026-08-04 00:00:07 UTC]   ✓ rooms: 16 rows fetched
[2026-08-04 00:00:07 UTC]   Fetching customers...
[2026-08-04 00:00:08 UTC]   ✓ customers: 177 rows fetched
[2026-08-04 00:00:08 UTC]   Fetching bookings...
[2026-08-04 00:00:08 UTC]   ✓ bookings: 416 rows fetched
[2026-08-04 00:00:08 UTC]   Fetching documents...
[2026-08-04 00:00:08 UTC]   ✓ documents: 326 rows fetched
[2026-08-04 00:00:08 UTC] Verifying row counts against live Supabase...
[2026-08-04 00:00:08 UTC]   ✓ rooms: 16 rows — matches Supabase
[2026-08-04 00:00:08 UTC]   ✓ customers: 177 rows — matches Supabase
[2026-08-04 00:00:08 UTC]   ✓ bookings: 416 rows — matches Supabase
[2026-08-04 00:00:08 UTC]   ✓ documents: 326 rows — matches Supabase
[2026-08-04 00:00:08 UTC] Phase 3: Uploading to Cloudflare R2...
[2026-08-04 00:00:09 UTC]   Uploaded backups/db/2026-08-04/rooms_2026-08-04_000006.json (5171 bytes)
[2026-08-04 00:00:09 UTC]   Uploaded backups/db/2026-08-04/customers_2026-08-04_000006.json (83578 bytes)
[2026-08-04 00:00:10 UTC]   Uploaded backups/db/2026-08-04/bookings_2026-08-04_000006.json (454250 bytes)
[2026-08-04 00:00:10 UTC]   Uploaded backups/db/2026-08-04/documents_2026-08-04_000006.json (143760 bytes)
[2026-08-04 00:00:11 UTC]   Uploaded schema → backups/db/2026-08-04/schema_2026-08-04_000006.sql
[2026-08-04 00:00:11 UTC]   Uploaded manifest → backups/db/2026-08-04/manifest_2026-08-04_000006.json
[2026-08-04 00:00:12 UTC]   Updated backups/db/latest.json pointer
[2026-08-04 00:00:12 UTC] ============================================================
[2026-08-04 00:00:12 UTC] ✅ BACKUP SUCCESSFUL
[2026-08-04 00:00:12 UTC]    Timestamp : 2026-08-04_000006
[2026-08-04 00:00:12 UTC]    Tables    : rooms(16), customers(177), bookings(416), documents(326)
[2026-08-04 00:00:12 UTC]    Total rows: 935
[2026-08-04 00:00:12 UTC]    R2 prefix : backups/db/2026-08-04/
[2026-08-04 00:00:12 UTC] ============================================================
[2026-08-04 00:00:06 UTC] ============================================================
[2026-08-04 00:00:06 UTC] Hotel Santosh — Database Backup Starting (host: vmi3271961)
[2026-08-04 00:00:06 UTC] ============================================================
[2026-08-04 00:00:06 UTC] Connecting to Supabase...
[2026-08-04 00:00:06 UTC] Connecting to Cloudflare R2...
[2026-08-04 00:00:06 UTC] Phase 1: Fetching all tables from Supabase...
[2026-08-04 00:00:06 UTC]   Fetching rooms...
[2026-08-04 00:00:07 UTC]   ✓ rooms: 16 rows fetched
[2026-08-04 00:00:07 UTC]   Fetching customers...
[2026-08-04 00:00:08 UTC]   ✓ customers: 177 rows fetched
[2026-08-04 00:00:08 UTC]   Fetching bookings...
[2026-08-04 00:00:08 UTC]   ✓ bookings: 416 rows fetched
[2026-08-04 00:00:08 UTC]   Fetching documents...
[2026-08-04 00:00:08 UTC]   ✓ documents: 326 rows fetched
[2026-08-04 00:00:08 UTC] Verifying row counts against live Supabase...
[2026-08-04 00:00:08 UTC]   ✓ rooms: 16 rows — matches Supabase
[2026-08-04 00:00:08 UTC]   ✓ customers: 177 rows — matches Supabase
[2026-08-04 00:00:08 UTC]   ✓ bookings: 416 rows — matches Supabase
[2026-08-04 00:00:08 UTC]   ✓ documents: 326 rows — matches Supabase
[2026-08-04 00:00:08 UTC] Phase 3: Uploading to Cloudflare R2...
[2026-08-04 00:00:09 UTC]   Uploaded backups/db/2026-08-04/rooms_2026-08-04_000006.json (5171 bytes)
[2026-08-04 00:00:09 UTC]   Uploaded backups/db/2026-08-04/customers_2026-08-04_000006.json (83578 bytes)
[2026-08-04 00:00:10 UTC]   Uploaded backups/db/2026-08-04/bookings_2026-08-04_000006.json (454250 bytes)
[2026-08-04 00:00:10 UTC]   Uploaded backups/db/2026-08-04/documents_2026-08-04_000006.json (143760 bytes)
[2026-08-04 00:00:11 UTC]   Uploaded schema → backups/db/2026-08-04/schema_2026-08-04_000006.sql
[2026-08-04 00:00:11 UTC]   Uploaded manifest → backups/db/2026-08-04/manifest_2026-08-04_000006.json
[2026-08-04 00:00:12 UTC]   Updated backups/db/latest.json pointer
[2026-08-04 00:00:12 UTC] ============================================================
[2026-08-04 00:00:12 UTC] ✅ BACKUP SUCCESSFUL
[2026-08-04 00:00:12 UTC]    Timestamp : 2026-08-04_000006
[2026-08-04 00:00:12 UTC]    Tables    : rooms(16), customers(177), bookings(416), documents(326)
[2026-08-04 00:00:12 UTC]    Total rows: 935
[2026-08-04 00:00:12 UTC]    R2 prefix : backups/db/2026-08-04/
[2026-08-04 00:00:12 UTC] ============================================================
=== Backup completed successfully at Tue Aug  4 02:00:12 CEST 2026 ===
